Eesnimi;Perenimi;Sünniaeg;Sugu;Isikukood;Vanus
Jarek;Kudrjavtsev;19.09.1976;M;37609190256;47
Sebastian;Aasmäe;09.05.1976;M;37605096412;47
Jan;Kool;21.10.1996;M;39610210922;27
Pille;Kask;18.10.1960;N;46010188007;63
Fredy;Lehiste;29.05.1967;M;36705291425;56
Kairit;Järvesaar;22.06.1992;N;49206229080;31
Marvin;Heinsalu;01.08.1987;M;38708019391;36
Eva Lotta;Lukk;05.10.1964;N;46410050187;59
Marili;Kink;29.01.1995;N;49501297976;28
Jaak;Lotman;24.05.1973;M;37305246438;50
Meribel;Drozdov;24.07.1992;N;49207243873;31
Markkus;Jõesaar;23.09.1980;M;38009236333;43
Õnnela;Voronin;14.04.1965;N;46504140884;58
Viktorija;Sander;23.07.1965;N;46507232192;58
Taago;Allas;19.10.1964;M;36410190763;59
Maarja-Liis;Taal;02.04.1988;N;48804029605;35
Daniel;Viks;12.07.1966;M;36607121937;57
Ian;Leppik;16.01.1993;M;39301166630;30
Cärolin;Unt;02.12.1969;N;46912021067;54
Richard;Käsper;01.08.1961;M;36108010708;62
Simmo;Lumiste;17.01.1989;M;38901170911;34
Jüri;Tamberg;25.09.1999;M;39909257194;24
Nelli;Püvi;25.09.1981;N;48109251093;42
Eva-Maria;Lind;20.03.1967;N;46703207421;56
Lisanna;Kaljula;01.10.1981;N;48110016440;42
Margo;Ots;02.10.1978;M;37810022917;45
Mare;Pikk;01.06.1983;N;48306016206;40
Markkus;Vain;12.07.1994;M;39407125676;29
Kätlin;Stepanov;11.10.1998;N;49810110062;25
Tarvi;Trei;01.11.1991;M;39111012342;32
Aveli;Sillaste;23.03.1969;N;46903230551;54
Armo;Bõstrov;19.06.1989;M;38906198642;34
Tiit;Ivask;03.11.1975;M;37511037920;48
Romet;Suvorov;08.07.1963;M;36307086931;60
Pilleriin;Kikkas;08.12.1986;N;48612084224;37
Marilyn;Maack;28.06.1963;N;46306282259;60
Teet;Oja;09.02.1981;M;38102099429;42
Tobias;Powell;14.10.1989;M;38910147843;34
Daniela;Kink;07.06.1961;N;46106071129;62
Liia;Drozdov;09.12.1972;N;47212092265;50
Aivar;Merisaar;22.09.1997;M;39709225065;26
Kristjan;Baskin;14.01.1982;M;38201140362;41
Mart;Täht;12.01.1971;M;37101127176;52
Ketlin;Sokolov;12.12.1965;N;46512128660;57
Kaspar;Medvedev;23.09.1996;M;39609237693;27
Matthias;Herodes;23.01.1991;M;39101234597;32
Liisi;Poljakov;10.07.1973;N;47307107453;50
Arlet;Miller;01.07.1986;M;38607015638;37
Peep;Laht;04.03.1973;M;37303043942;50
Laura;Rüütel;20.10.1972;N;47210202423;51
Jevgeni;Hanson;27.05.1981;M;38105274916;42
Mart;Org;13.10.1978;M;37810136817;45
Kirsika;Lass;19.08.1979;N;47908193448;44
Anabell;Maidla;02.02.1962;N;46202026537;61
Airika;Järv;31.07.1961;N;46107318823;62
Anastassia;Tsvetkov;04.01.1999;N;49901042678;24
Veiko;Jakobson;12.06.1994;M;39406125087;29
Maria;Toomsalu;09.12.1998;N;49812098153;24
Teili;Ploom;07.08.1992;N;49208074854;31
Darina;Sillaste;30.04.1962;N;46204307525;61
Britt;Õunapuu;25.12.1986;N;48612257285;36
Kerttu;Rohtla;13.03.1980;N;48003133854;43
Heleri;Pärna;23.10.1986;N;48610239197;37
Lija;Tammet;13.10.1996;N;49610130916;27
Ruben;Pettai;26.11.1961;M;36111266387;62
Vassili;Zahharov;03.01.1974;M;37401031707;49
Maret;Korol;25.06.1962;N;46206258138;61
Tamara;Medvedev;19.07.1968;N;46807191613;55
Ardi;Vlassov;17.03.1979;M;37903175297;44
Anete;Piirsalu;24.11.1989;N;48911241277;34
Karl Mihkel;Ivask;01.06.1982;M;38206013008;41
Aire;Kroon;07.04.1991;N;49104070261;32
Liia;Kalamees;04.03.1971;N;47103041012;52
Aron;Peterson;23.08.1963;M;36308231517;60
Felix;Vill;11.05.1981;M;38105113807;42
Marina;Alekseev;15.06.1966;N;46606158113;57
Karl Jakob;Leht;01.09.1978;M;37809015937;45
Siim;Paju;13.04.1997;M;39704134237;26
Sophia;Vinogradov;29.12.1970;N;47012291166;52
Dajana;Põldmaa;15.01.1981;N;48101157367;42
Geidi;Tiik;15.05.1975;N;47505151913;48
Harri;Sepp;17.07.1980;M;38007174100;43
Kirsika;Tamm;18.04.1997;N;49704187098;26
Valentina;Kikkas;08.01.1980;N;48001085755;43
Kennet;Kiil;20.08.1962;M;36208205084;61
Ranar;Pent;15.10.1966;M;36610156440;57
Mairo;Kivi;06.04.1973;M;37304063145;50
Johann;Kiik;07.04.1971;M;37104077298;52
Merily;Mürk;28.08.1992;N;49208287331;31
Ergo;Lepp;07.08.1960;M;36008078161;63
Marje;Baranov;08.10.1975;N;47510081865;48
Taisi;Kirss;13.09.1999;N;49909130569;24
Marti;Mann;19.07.1991;M;39107198023;32
Ervin;Kalda;18.07.1990;M;39007181848;33
Kairi;Sutt;09.08.1967;N;46708093388;56
Geir;Väli;10.08.1967;M;36708101938;56
Kadi;Kotkas;09.05.1964;N;46405092515;59
Alice;Toomsalu;29.03.1960;N;46003299875;63
Holger;Raamat;28.03.1978;M;37803286708;45
Helis;Pihlak;03.06.1994;N;49406033524;29
Ander;Andreev;09.07.1976;M;37607099662;47
Veera;Kaljuste;05.11.1987;N;48711053629;36
Ines;Härm;14.05.1975;N;47505147131;48
Reimo;Silm;23.08.1994;M;39408235928;29
Elise;Raag;24.02.1984;N;48402246574;39
Thomas;Gusev;07.02.1965;M;36502071072;58
Markel;Suvi;04.02.1975;M;37502045322;48
Aliise;Saveljev;05.10.1978;N;47810056379;45
Gleb;Klimov;09.01.1987;M;38701092145;36
Revo;Müürsepp;06.10.1976;M;37610068054;47
Vanessa;Sorokin;13.01.1990;N;49001133990;33
Kätriin;Uustalu;10.10.1964;N;46410105162;59
Karl;Suvorov;11.04.1989;M;38904114682;34
Keily;Kalinin;26.03.1994;N;49403266067;29
Karl Joonas;Mäeots;03.12.1964;M;36412035151;59
Carolyn;Juhkam;07.10.1975;N;47510071435;48
Elisa;Markson;28.06.1987;N;48706289161;36
Marin;Liblik;15.12.1979;N;47912154109;43
Felix;Mölder;19.03.1969;M;36903192411;54
Emilie;Lokk;26.09.1994;N;49409260548;29
Elar;Baskin;02.09.1992;M;39209027703;31
Kauri;Pajula;25.12.1960;M;36012257843;62
Lilian;Veski;20.11.1975;N;47511203135;48
Alar;Kodres;08.03.1997;M;39703082234;26
Emili;Olesk;17.01.1971;N;47101172502;52
Patrick;Puusepp;24.12.1966;M;36612242793;56
Oliivia;Sillaste;23.03.1984;N;48403239346;39
Erika;Salumets;25.02.1988;N;48802253729;35
Inna;Niit;08.03.1993;N;49303089381;30
Mikael;Vasiliev;21.12.1986;M;38612218418;36
Fjodor;Kasemets;01.06.1973;M;37306014269;50
Rebeca;Sepp;18.02.1993;N;49302181155;30
Arles;Zahharov;19.03.1970;M;37003194376;53
Frank;Rätsep;25.02.1992;M;39202256497;31
Heidi;Lepik;26.06.1962;N;46206268270;61
Märten;Semenov;21.05.1987;M;38705217059;36
Renno;Nuut;02.05.1992;M;39205029700;31
Viktoriya;Rohtla;20.06.1966;N;46606206753;57
Ivar;Lill;21.04.1968;M;36804218320;55
Hanno;Laht;19.06.1976;M;37606190817;47
Greta;Männiste;05.03.1979;N;47903052121;44
Mariete;Väli;20.10.1986;N;48610204765;37
Ingmar;Naumov;26.12.1970;M;37012260329;52
Merilin;Lumiste;07.07.1978;N;47807072328;45
Sonja;Visnapuu;20.09.1977;N;47709203910;46
Lauren;Pulk;11.01.1987;N;48701113587;36
Cärol;Lepp;28.07.1987;N;48707287309;36
Deivid;Unt;03.06.1972;M;37206031667;51
Meelis;Lang;13.09.1992;M;39209138876;31
Tairo;Gavrilov;06.05.1981;M;38105066089;42
Karl Johan;Säde;31.07.1960;M;36007317495;63
Maxim;Kukk;16.05.1975;M;37505168971;48
Aire;Pärtel;05.06.1961;N;46106056641;62
Edvard;Aus;26.01.1974;M;37401269182;49
Ljudmila;Laks;19.03.1979;N;47903198689;44
Kenno;Veski;28.06.1980;M;38006280945;43
Xenia;Beljajev;08.08.1964;N;46408081429;59
Joonas;Reimann;19.02.1998;M;39802192305;25
Andrea;Laas;01.07.1989;N;48907016895;34
Gabriel;Viks;18.01.1998;M;39801188262;25
Greete;Mäeots;07.06.1994;N;49406076643;29
Andrus;Remmel;13.10.1971;M;37110135955;52
Kregor;Abderhalden;14.06.1972;M;37206145538;51
Danel;Lotman;11.09.1988;M;38809113754;35
Maiu;Piho;25.10.1961;N;46110256679;62
Teele;Võsu;18.09.1960;N;46009180105;63
Kärt;Kaljula;30.06.1990;N;49006302919;33
Christian;Kulikov;24.03.1995;M;39503244227;28
Alexandra;Tsvetkov;01.07.1990;N;49007014642;33
Gendra;Pärnpuu;06.04.1964;N;46404068791;59
Dario;Aas;22.06.1966;M;36606224583;57
Ingmar;Varik;20.09.1975;M;37509205657;48
Eva;Mäeots;19.06.1961;N;46106190810;62
Andrias;Kant;03.01.1980;M;38001038987;43
Marelle;Michelson;21.01.1990;N;49001218170;33
Reeli;Lätt;30.07.1972;N;47207307492;51
Valdo;Varik;02.04.1988;M;38804026015;35
Katre;Ott;02.05.1990;N;49005029152;33
Laureen;Orlov;23.09.1976;N;47609236601;47
Ander;Moor;27.04.1999;M;39904271700;24
Stepan;Simson;05.04.1999;M;39904057710;24
Elisabet;Rosenberg;12.06.1976;N;47606128803;47
Marie;Karpov;12.11.1991;N;49111128682;32
Svjatoslav;Õispuu;06.08.1990;M;39008066519;33
Reena;Kivimäe;10.07.1976;N;47607100179;47
Lada;Tõnisson;10.01.1970;N;47001103508;53
Gennadi;Jakovlev;11.08.1982;M;38208118064;41
Miia;Vill;05.10.1966;N;46610057872;57
Dariya;Tiik;28.05.1990;N;49005289531;33
Meriliis;Müür;02.10.1983;N;48310021540;40
Ketrin;Liblik;27.10.1965;N;46510272458;58
Mark;Kattai;08.02.1996;M;39602080287;27
Jargo;Green;13.04.1962;M;36204136367;61
Brandon;Mandel;15.12.1963;M;36312152682;59
Kristjan;Prikk;28.07.1968;M;36807281375;55
Reena;Jeršov;05.12.1993;N;49312058500;30
Alisa;Mägi;11.09.1988;N;48809117082;35
Marielle;Kiis;14.03.1996;N;49603142282;27
Jako;Rand;14.08.1977;M;37708141228;46
Karolina;Hein;25.01.1987;N;48701258163;36
Markus;Kask;22.05.1985;M;38505227180;38
Sofja;Mark;22.04.1993;N;49304221876;30
Marju;Kiik;22.11.1974;N;47411228967;49
Rainar;Väli;06.04.1964;M;36404061378;59
Evelina;Karu;13.10.1995;N;49510133797;28
Karmen;Jefimov;13.02.1989;N;48902136816;34
Anti;Võsu;09.12.1984;M;38412098626;38
Heidy;Meier;01.02.1995;N;49502011487;28
Janne;Mändla;30.01.1967;N;46701301125;56
Sofja;Karpov;01.01.1982;N;48201014586;41
Erik;Vares;26.10.1995;M;39510266650;28
Evgeny;Žuravljov;04.09.1973;M;37309043465;50
Simo;Gontšarov;15.08.1965;M;36508150084;58
Rain;Belov;21.02.1980;M;38002213213;43
Grigori;Silm;03.03.1962;M;36203035114;61
Simone;Tamme;13.06.1963;N;46306134875;60
Ege;Heinsalu;04.09.1994;N;49409044015;29
Jaana;Pihelgas;06.12.1962;N;46212066416;61
Juliana;Afanasjev;13.07.1979;N;47907132586;44
Marina;Pukk;27.07.1978;N;47807273976;45
Älis;Jeršov;16.10.1969;N;46910160601;54
Arlet;Loginov;02.10.1967;M;36710028622;56
Kirsika;Jürgenson;12.12.1996;N;49612129623;26
Jelena;Matvejev;15.03.1999;N;49903153365;24
Maie;Luht;20.03.1984;N;48403203868;39
Sarah;Saks;15.04.1969;N;46904156143;54
Tormi;Marksoo;24.02.1990;M;39002243412;33
Kevin;Püvi;20.04.1997;M;39704201757;26
Rasmus;Oja;19.04.1984;M;38404194578;39
Anna-Liisa;Laht;12.03.1977;N;47703122452;46
Kristin;Ojala;11.07.1990;N;49007119391;33
Anett;Fomin;22.06.1977;N;47706221704;46
Reimo;Mänd;01.10.1971;M;37110010343;52
Hanna Maria;Jaakson;14.12.1992;N;49212143765;30
Ingrit;Kiil;27.08.1973;N;47308274325;50
Sonja;Kukk;20.09.1993;N;49309200592;30
Margaret;Kostin;14.11.1970;N;47011140706;53
Keitlin;Juhkam;08.09.1979;N;47909084329;44
Rihard;Saare;22.08.1966;M;36608223646;57
Kennet;Markson;01.04.1982;M;38204017483;41
Carolin;Ojaste;24.09.1966;N;46609241013;57
Pille-Riin;Grigorieva;25.03.1983;N;48303256464;40
Talis;Pikk;01.03.1983;M;38303015538;40
Maris;Maslov;19.05.1999;N;49905194983;24
Nele;Ojala;30.08.1992;N;49208305381;31
Keven;Vahtra;16.10.1987;M;38710163927;36
Alina;Õunapuu;16.10.1980;N;48010162374;43
Kerly;Ossipov;18.05.1963;N;46305185204;60
Jevgenija;Piir;27.11.1991;N;49111277596;32
Kristofer;Reinsalu;07.03.1988;M;38803070379;35
Riin;Kruglov;18.03.1988;N;48803180017;35
Oleg;Sobolev;01.12.1967;M;36712012344;56
Alexandra;Ignatjev;19.12.1995;N;49512197994;27
Andrea;Sarapuu;12.03.1999;N;49903128623;24
Samanta;Pärn;13.08.1967;N;46708133817;56
Olari;Kondratjev;18.08.1999;M;39908182358;24
Robin;Lokk;10.11.1963;M;36311100007;60
Killu;Kuusk;16.09.1993;N;49309162256;30
Kender;Tilk;06.11.1989;M;38911064283;34
Maikel;Lang;03.07.1992;M;39207036926;31
Arno;Tamme;10.08.1977;M;37708100647;46
Stanislav;Holm;23.04.1975;M;37504239568;48
Annika;Lõhmus;26.04.1977;N;47704266181;46
Gertu;Žukov;13.08.1993;N;49308139208;30
Annely;Naumov;29.12.1989;N;48912290760;33
Ave-Marleen;Reinke;26.03.1988;N;48803263574;35
Edvard;Karpova;26.12.1980;M;38012261506;42
Yana;Filippov;10.09.1962;N;46209109374;61
Heiko;Bondarenko;06.02.1995;M;39502068002;28
Rustam;Mets;08.08.1995;M;39508088038;28
Markos;Vasiliev;21.03.1962;M;36203215233;61
Kerli;Kikas;03.08.1967;N;46708037501;56
Jarmo;Link;26.01.1978;M;37801267283;45
Enrico;Mikelsaar;18.04.1976;M;37604181884;47
Olesja;Suvi;01.12.1986;N;48612018567;37
Erko;Jeršov;01.05.1985;M;38505010595;38
Inna;Kikkas;19.07.1991;N;49107197755;32
Kati;Merila;17.06.1997;N;49706176111;26
Reeli;Medvedev;28.08.1965;N;46508289320;58
Eva-Lotta;Michelson;26.04.1960;N;46004262715;63
Riina;Remmel;17.05.1984;N;48405172157;39
Rustam;Kapp;13.03.1980;M;38003134158;43
Karin;Kostin;18.01.1981;N;48101185700;42
Gerli;Reinke;24.12.1983;N;48312247702;39
Ramon;Veski;07.07.1992;M;39207079028;31
Emma;Piho;06.01.1965;N;46501068748;58
Erich;Drozdov;15.02.1963;M;36302158446;60
Kristella;Rand;22.08.1980;N;48008223481;43
Olga;Borissov;03.10.1966;N;46610038949;57
Liisbet;Baranov;05.10.1993;N;49310058101;30
Žanna;Lill;08.10.1978;N;47810088483;45
Mikael;Jeršov;01.06.1972;M;37206011394;51
Ksenija;Männik;10.09.1995;N;49509100926;28
Julia;Prikk;22.11.1972;N;47211223293;51
Gabriela;Kalamees;09.12.1974;N;47412098581;48
Aili;Käär;25.06.1999;N;49906254523;24
Marin;Reimann;25.11.1992;N;49211257475;31
Veiko;Malõšev;09.08.1966;M;36608095721;57
Helery;Reinsalu;15.03.1978;N;47803151850;45
Anna-Liis;Poom;17.03.1991;N;49103179600;32
Ronja;Treier;13.01.1963;N;46301135157;60
Elerin;Lind;05.02.1985;N;48502051376;38
Liilia;Mändla;24.08.1999;N;49908247998;24
Toni;Kiik;10.05.1998;M;39805105487;25
Irina;Medvedev;30.05.1974;N;47405304493;49
Liise;Pent;08.01.1964;N;46401080338;59
Andrei;Oja;13.02.1967;M;36702135177;56
Jaagup;Soon;10.02.1970;M;37002109331;53
Marlon;Bogdanov;30.04.1993;M;39304308900;30
Lii;Matvejev;04.10.1989;N;48910044124;34
Simmo;Ruus;27.03.1980;M;38003277819;43
Jüri;Pruul;21.09.1962;M;36209218992;61
Anet;Mölder;21.09.1971;N;47109213815;52
Hugo;Laur;12.10.1971;M;37110128746;52
Einar;Jefimov;23.10.1977;M;37710238531;46
Mikk;Reimann;22.05.1977;M;37705225246;46
Lisette;Safronov;31.12.1977;N;47712317198;45
Vadim;Koort;03.03.1979;M;37903032641;44
Silvar;Bondarenko;24.04.1980;M;38004246949;43
Remo;Laane;10.12.1980;M;38012105756;42
Victoria;Kangro;02.06.1964;N;46406021638;59
Daria;Zaitsev;23.08.1972;N;47208239434;51
Mia;Pihelgas;16.01.1998;N;49801166987;25
Dajana;Annus;02.03.1970;N;47003028781;53
Kristlin;Laas;04.10.1963;N;46310046412;60
Urmo;Kallas;15.05.1976;M;37605156944;47
Deivid;Solovjov;17.11.1973;M;37311176346;50
Steven;Zahharov;20.12.1983;M;38312207584;39
Anete;Jakovlev;18.03.1960;N;46003181583;63
Hanna-Maria;Sobolev;14.07.1992;N;49207140640;31
Trinity;Liivak;06.07.1968;N;46807068523;55
Jevgeni;Hunt;20.01.1967;M;36701206214;56
Mia;Štšerbakov;21.11.1961;N;46111216893;62
Rando;Konstantinov;21.12.1968;M;36812219523;54
Karel;Vlassov;16.02.1982;M;38202169660;41
Kenet;Hallik;09.02.1993;M;39302098357;30
Stefan;Nurk;02.01.1974;M;37401020303;49
Rico;Rein;01.03.1968;M;36803014213;55
Lisett;Aavik;03.10.1962;N;46210039864;61
Gea;Puusepp;07.09.1990;N;49009078941;33
Mirelle;Kaljurand;05.11.1986;N;48611057602;37
Rain;Kruglov;18.06.1998;M;39806184258;25
Elen;Käär;25.07.1963;N;46307252735;60
Cassandra;Jegorov;17.08.1996;N;49608170668;27
Maarja-Liisa;Tiits;14.02.1991;N;49102141407;32
Kermo;Laas;27.08.1979;M;37908274687;44
Taavi;Lääts;24.06.1974;M;37406243358;49
Oskar;Lumi;28.10.1979;M;37910282789;44
Magnar;Sibul;19.10.1986;M;38610193020;37
Ivar;Kiis;22.07.1970;M;37007220515;53
Veronica;Jakobson;22.07.1980;N;48007229230;43
Keiti;Maasik;18.08.1993;N;49308187437;30
Miina;Leppik;16.11.1969;N;46911168459;54
Erich;Kangur;28.12.1987;M;38712286511;35
Aap;Viik;29.12.1996;M;39612294375;26
Loora;Kukk;04.07.1988;N;48807049589;35
Erich;Malõšev;03.03.1982;M;38203036093;41
Karoline;Mironov;15.10.1978;N;47810156050;45
Ene;Ossipov;06.07.1999;N;49907067806;24
Keitlin;Roosileht;09.05.1973;N;47305099524;50
Daria;Konstantinov;31.10.1999;N;49910310241;24
Ayrton;Gross;09.09.1998;M;39809093311;25
Annela;Stepanov;29.10.1977;N;47710290465;46
Ave-Marleen;Kuningas;12.12.1983;N;48312121966;39
Helle;Kalda;27.06.1975;N;47506276690;48
Karoline;Pikk;11.07.1982;N;48207110233;41
Ketter;Kisseljov;12.09.1969;N;46909126905;54
Karol;Annus;03.01.1994;M;39401036290;29
Gertrud;Bondarenko;27.01.1967;N;46701270649;56
Maarit;Kaljuvee;06.04.1988;N;48804063920;35
Karmo;Korol;23.05.1976;M;37605230363;47
Raivo;Järv;02.05.1985;M;38505023927;38
Tatiana;Liiv;04.05.1972;N;47205040505;51
Madli;Anissimov;24.01.1965;N;46501248608;58
Margaret;Pihlak;10.02.1961;N;46102106638;62
Michael;Kotkas;20.04.1968;M;36804206479;55
Adeele;Unt;17.05.1986;N;48605178358;37
Roberta;Kaljuste;05.02.1961;N;46102050455;62
Maido;Jürgenson;20.11.1975;M;37511208641;48
Marcos;Kutsar;01.05.1997;M;39705019383;26
Urmas;Krõlov;02.12.1998;M;39812022474;25
Gunnar;Gerassimov;04.01.1973;M;37301040688;50
Grethel;Kodres;03.05.1977;N;47705038557;46
Eleriin;Kikkas;11.10.1975;N;47510113532;48
Anatoli;Müürsepp;24.07.1994;M;39407243558;29
Marian;Anissimov;01.05.1970;N;47005014644;53
Eleonora;Kull;09.07.1976;N;47607098847;47
Edvin;Trei;29.03.1963;M;36303296741;60
Kristiina;Ivanov;02.10.1980;N;48010022042;43
Olev;Piho;28.09.1961;M;36109282494;62
Ivan;Sibul;01.07.1969;M;36907018901;54
Sirly;Markus;10.11.1978;N;47811102430;45
Age;Safronov;06.06.1981;N;48106069729;42
Deivi;Kilk;29.09.1999;N;49909297026;24
Arabella;Kikkas;07.08.1995;N;49508070372;28
Helin;Kivilo;27.06.1973;N;47306275101;50
Kennet;Trei;10.05.1998;M;39805109979;25
Sirly;Kass;28.12.1993;N;49312287225;29
Anne-Liis;Heinsalu;19.07.1976;N;47607193997;47
Kert;Eller;18.04.1983;M;38304187463;40
Henrik;Jegorov;16.10.1977;M;37710166554;46
Jürgen;Schmidt;30.01.1969;M;36901303775;54
Tambet;Rätsep;27.10.1994;M;39410274745;29
Susanna;Klaas;30.03.1994;N;49403305214;29
Kristiina;Link;27.04.1988;N;48804270672;35
Remi;Melnik;08.04.1993;M;39304088111;30
Markel;Raamat;01.11.1973;M;37311017562;50
Elizaveta;Vaht;15.08.1979;N;47908159412;44
Maili;Jänes;10.08.1972;N;47208105100;51
Marian;Kalmus;09.04.1986;N;48604090192;37
Ivan;Kruus;23.03.1988;M;38803230578;35
Kristella;Pihelgas;14.06.1989;N;48906142543;34
Meelika;Sikorski;15.04.1996;N;49604157741;27
Mariana;Panov;08.02.1984;N;48402085811;39
Anne-Ly;Schmidt;23.05.1971;N;47105238837;52
Henri;Jeršov;03.01.1976;M;37601034990;47
Lidia;Kivimäe;08.12.1968;N;46812089572;55
Annika;Mägi;19.04.1990;N;49004192710;33
Merit;Kalm;15.11.1974;N;47411152419;49
Hendri;Kolberg;14.05.1971;M;37105143248;52
Maarika;Kolesnik;11.07.1991;N;49107110199;32
Antti;Meier;28.08.1962;M;36208283406;61
Rasmus;Tamme;21.11.1971;M;37111214294;52
Vjatšeslav;Aasmäe;22.11.1977;M;37711228540;46
Teili;Abbt;18.09.1966;N;46609188365;57
Lidia;Saar;14.01.1976;N;47601148761;47
Marleen;Säde;13.06.1989;N;48906134032;34
Heinrich;Rein;08.03.1973;M;37303080894;50
Gert;Saare;23.04.1973;M;37304237166;50
Astrid;Kuusik;24.01.1960;N;46001241983;63
Anett;Sarap;01.08.1977;N;47708013598;46
Raneli;Kaasik;13.12.1965;N;46512132065;57
Reigo;Kohv;07.06.1995;M;39506077482;28
Marii;Kala;10.03.1987;N;48703105590;36
Olev;Kiis;11.04.1999;M;39904116252;24
Amanda;Roots;28.09.1986;N;48609284869;37
Rainis;Leht;25.12.1978;M;37812259786;44
Aile;Lepik;03.07.1979;N;47907033618;44
Kariina;Kulikov;03.12.1976;N;47612036736;47
Keith;Jürgenson;28.12.1987;M;38712281275;35
Devid;Müürsepp;02.12.1967;M;36712029864;56
Brenda;Lukk;04.09.1980;N;48009040981;43
Adelina;Sillaots;30.10.1978;N;47810307170;45
Karita;Nazarov;03.02.1974;N;47402033058;49
Kirsti;Vinogradov;04.03.1999;N;49903046665;24
Sebastian;Unt;08.06.1981;M;38106083471;42
Keiu;Salumäe;04.11.1982;N;48211040622;41
Leon;Kurvits;09.11.1979;M;37911091276;44
Janete;Kurg;06.09.1966;N;46609065632;57
Arlet;Arrak;25.09.1981;M;38109252126;42
Gerli;Kriisa;17.08.1984;N;48408172239;39
Annabella;Põldma;28.10.1994;N;49410287113;29
Daisi;Kasemaa;28.01.1993;N;49301285914;30
Marge;Tarassov;12.01.1994;N;49401129469;29
Elar;Toots;24.10.1967;M;36710241659;56
Aleksei;Simson;30.12.1972;M;37212308709;50
Merle;Pärnpuu;25.12.1964;N;46412254293;58
Nele;Reinsalu;12.04.1970;N;47004121721;53
Kristine;Sillaots;27.07.1993;N;49307270235;30
Niina;Reinsalu;31.08.1995;N;49508312916;28
Emilia;Piir;07.07.1988;N;48807074281;35
Janika;Mõttus;26.08.1992;N;49208264801;31
Heleriin;Villemson;20.10.1994;N;49410204833;29
Anna-Liisa;Lillemets;17.12.1988;N;48812177057;34
Agne;Saks;09.09.1969;N;46909093677;54
Kaili;Moroz;01.01.1994;N;49401016863;29
Hanna-Maria;Peterson;24.12.1992;N;49212242921;30
Lisa;Simson;05.07.1963;N;46307056650;60
Anastassija;Lillemets;18.12.1971;N;47112188692;51
Tony;Mäeots;23.02.1966;M;36602231219;57
Julia;Kadak;20.01.1960;N;46001208824;63
Irena;Lill;18.03.1983;N;48303182153;40
Feliks;Lang;05.09.1988;M;38809051475;35
Mirell;Siim;14.11.1978;N;47811140455;45
Kevin;Sikk;04.01.1977;M;37701049823;46
Liisa-Maria;Aakre;18.10.1969;N;46910189981;54
Mia;Nõmm;21.10.1972;N;47210217548;51
Nataly;Teras;01.10.1984;N;48410010877;39
Jevgenija;Aun;27.11.1990;N;49011274574;33
Koit;Tiits;02.11.1974;M;37411027988;49
Arko;Olesk;01.11.1996;M;39611010058;27
Hedvig;Ott;20.03.1970;N;47003202257;53
Janno;Post;24.04.1962;M;36204246926;61
Max;Lunin;12.10.1965;M;36510123278;58
Mailis;Kaur;12.09.1980;N;48009129218;43
Dajana;Oja;13.12.1969;N;46912134344;53
Villem;Teearu;10.03.1982;M;38203104404;41
Helena;Mäesalu;20.07.1990;N;49007208232;33
Juliana;Annus;20.05.1974;N;47405202649;49
Marko;Salumäe;08.07.1973;M;37307088562;50
Kadri;Mänd;10.11.1979;N;47911100241;44
Mattias;Panov;06.09.1969;M;36909062632;54
Karl Johannes;Sirel;22.11.1984;M;38411227579;39
Adriana;Kuusik;25.07.1986;N;48607252939;37
Konstantin;Sibul;17.03.1972;M;37203172316;51
Pärtel;Herodes;03.10.1977;M;37710038145;46
Märt;Hanson;11.08.1971;M;37108118150;52
Juss;Aakre;23.01.1995;M;39501232990;28
Getriin;Erm;23.08.1993;N;49308233538;30
Remy;Suvi;07.12.1982;M;38212072410;41
Artem;Trofimov;17.06.1983;M;38306174028;40
Karl Kevin;Vahter;25.01.1994;M;39401258173;29
Epp;Tomson;01.08.1964;N;46408015833;59
Minna;Meister;11.04.1991;N;49104117355;32
Harri;Bogdanov;27.07.1992;M;39207274818;31
Arno;Makarov;23.03.1965;M;36503231411;58
Fredy;Lass;13.06.1965;M;36506138161;58
Armo;Medvedev;23.10.1984;M;38410237435;39
Jaagup;Pihelgas;22.03.1997;M;39703228592;26
Katrina;Raud;07.02.1987;N;48702076464;36
Karl-Kristjan;Toom;13.02.1964;M;36402134361;59
Lii;Hansen;25.04.1995;N;49504253293;28
Ingvar;Lokk;05.04.1995;M;39504051851;28
Gerttu;Fedorov;27.11.1990;N;49011279113;33
Mona;Rätsep;19.09.1993;N;49309190417;30
Teili;Parts;26.12.1999;N;49912268383;23
Keimo;Kasemets;07.05.1988;M;38805074820;35
Maiken;Roosileht;17.03.1990;N;49003170446;33
Ago;Jarvis;30.08.1993;M;39308309505;30
Devid;Unt;14.01.1976;M;37601148633;47
Annabel;Käärik;14.10.1975;N;47510148271;48
Alexandre;Õun;30.11.1969;M;36911309567;54
Geidi;Eller;12.05.1986;N;48605121807;37
Stiven;Järvesaar;24.11.1999;M;39911247140;24
Lidia;Randoja;27.09.1997;N;49709273699;26
Daniella;Grigorieva;25.10.1992;N;49210254436;31
Arles;Markus;13.07.1976;M;37607138918;47
Emili;Sööt;01.07.1995;N;49507016075;28
Dmitri;Kütt;17.08.1982;M;38208179102;41
Jegor;Petrov;21.10.1995;M;39510211755;28
Elar;Lepik;06.02.1981;M;38102060286;42
Kaire;Markson;23.04.1970;N;47004230918;53
Veera;Reinsalu;17.12.1996;N;49612177323;26
Eva-Liisa;Põldma;19.05.1971;N;47105195871;52
Karmo;Golubev;04.06.1985;M;38506048318;38
Karl Markus;Mikk;29.08.1996;M;39608290970;27
Sanna;Loginov;31.01.1962;N;46201314488;61
Karlis;Miller;03.11.1991;M;39111034796;32
Sandra;Filatov;13.08.1968;N;46808132030;55
Silvar;Toots;04.09.1961;M;36109044371;62
Mairon;Mann;25.08.1966;M;36608257045;57
Kaidi;Koort;11.04.1994;N;49404114997;29
Nataly;Romanov;09.11.1968;N;46811099613;55
Ljubov;Martinson;28.02.1979;N;47902289100;44
Yury;Raudsepp;30.04.1994;M;39404304087;29
Patricia;Õunapuu;15.11.1971;N;47111159163;52
Gunnar;Maksimov;30.06.1960;M;36006300783;63
Hanna Maria;Vorobjov;21.06.1974;N;47406218692;49
Dagne;Tomingas;07.06.1973;N;47306070326;50
Janely;Leht;09.07.1965;N;46507094728;58
Greta;Kasemets;26.01.1966;N;46601262085;57
Karl Erik;Põldmaa;12.03.1970;M;37003125780;53
Anastasia;Borissov;10.02.1970;N;47002101864;53
Kaupo;Heinsoo;20.02.1988;M;38802204779;35
Ronaldo;Erik;06.06.1995;M;39506066877;28
Anne-Mari;Erik;17.01.1981;N;48101179049;42
Magnus;Kurvits;08.01.1984;M;38401083738;39
Taisi;Mägi;31.01.1973;N;47301310790;50
Ahto;Järvekülg;10.09.1977;M;37709105000;46
Andra;Sikk;23.12.1967;N;46712236821;55
Lauri;Ots;22.08.1967;M;36708229589;56
Karl Joonas;Lukk;19.03.1971;M;37103199568;52
Ronald;Kesküla;18.05.1971;M;37105180805;52
Mare;Koger;09.01.1976;N;47601092580;47
Reena;Taal;18.07.1977;N;47707185164;46
Alondra;Tamberg;25.07.1963;N;46307255523;60
Mariliis;Treier;01.05.1997;N;49705013704;26
Sandro;Markson;20.05.1982;M;38205208454;41
Urmo;Kant;06.11.1987;M;38711065843;36
Villem;Anderson;14.06.1967;M;36706145816;56
Anastasija;Urb;09.11.1960;N;46011094070;63
Killu;Tammet;11.11.1991;N;49111110778;32
Raul;Pruul;26.06.1963;M;36306265086;60
Renno;Sarapuu;27.05.1988;M;38805272766;35
Oksana;Pärnpuu;02.03.1975;N;47503021989;48
Luisa;Kapp;14.12.1997;N;49712141099;25
Carmen;Gross;13.06.1980;N;48006138287;43
Avely;Kuningas;21.04.1973;N;47304218657;50
Juliana;Kesküla;08.01.1990;N;49001087377;33
Martti;Suits;11.02.1985;M;38502116282;38
Marken;Roots;14.01.1976;M;37601142489;47
Katrina;Martinson;22.05.1971;N;47105229673;52
Keiro;Mänd;25.10.1968;M;36810252243;55
Eva-Lotta;Saks;29.07.1986;N;48607296169;37
Ines;Baskin;04.09.1989;N;48909041306;34
Mariell;Timofejev;07.04.1983;N;48304074282;40
Anna-Liisa;Zaitsev;31.05.1983;N;48305313432;40
Kristiin;Pruul;02.02.1978;N;47802028614;45
Kaisa;Sokk;30.10.1971;N;47110304776;52
Tamara;Laks;04.04.1973;N;47304047647;50
Liisa;Kaljurand;15.06.1970;N;47006157722;53
Karl Gustav;Sikk;28.06.1963;M;36306284922;60
Gert;Randmaa;14.10.1970;M;37010140354;53
Madli;Soots;16.11.1984;N;48411160069;39
Margus;Põdra;22.07.1970;M;37007221206;53
Brittany;Žuravljov;25.11.1995;N;49511251432;28
Frederik;Mändla;22.11.1999;M;39911226764;24
Anu;Põder;29.05.1964;N;46405291750;59
Eleanora;Laane;11.05.1982;N;48205119640;41
Eerika;Liiv;13.11.1998;N;49811139664;25
Ailen;Varik;22.01.1985;N;48501221270;38
Kenet;Fjodorov;29.10.1966;M;36610293895;57
Caroly;Raamat;29.06.1993;N;49306293869;30
Oliivia;Talts;27.01.1992;N;49201271964;31
Ian;Kaur;22.04.1977;M;37704229999;46
Matti;Tammik;30.08.1999;M;39908306029;24
Lija;Kotkas;22.12.1985;N;48512222200;37
Sonja;Antonov;02.03.1982;N;48203027703;41
Nikita;Rätsep;05.09.1962;M;36209058834;61
Robi;Aavik;30.06.1982;M;38206307732;41
Yury;Ploom;15.07.1983;M;38307150107;40
Eerika;Egorov;05.09.1981;N;48109055439;42
Mati;Lipp;03.05.1991;M;39105032384;32
Stella;Kuusik;15.01.1973;N;47301154199;50
Tauno;Luik;28.08.1995;M;39508288907;28
Karol;Jalakas;29.01.1994;M;39401299429;29
Herman;Kirs;06.03.1976;M;37603069982;47
Marta;Kudrjavtsev;20.02.1986;N;48602207861;37
Andi;Soosalu;10.02.1961;M;36102104145;62
Aivo;Vill;10.03.1981;M;38103109512;42
Dimitri;Popov;16.02.1963;M;36302167068;60
Indrek;Lehtmets;11.08.1977;M;37708113977;46
Berit;Pärna;24.09.1967;N;46709240842;56
Andres;Pavlov;11.11.1962;M;36211114725;61
Rauno;Bondarenko;28.09.1962;M;36209285186;61
Karoli;Prikk;02.04.1961;N;46104022481;62
Raido;Hallik;18.04.1970;M;37004184686;53
Alexandra;Laine;16.06.1986;N;48606166029;37
Geir;Lõhmus;24.06.1965;M;36506241529;58
Jelizaveta;Nõmmik;05.09.1963;N;46309055686;60
Alissa;Kikas;08.03.1985;N;48503083970;38
Meril;Laan;01.04.1963;N;46304019562;60
Gretel;Sokolov;28.11.1988;N;48811282422;35
Nadezhda;Õispuu;22.09.1968;N;46809221802;55
Aimar;Tiits;14.09.1996;M;39609145015;27
Valeriya;Kissa;03.01.1964;N;46401033292;59
Marlon;Vähi;07.07.1966;M;36607072623;57
Sireli;Lill;23.10.1989;N;48910230993;34
Marge;Kuuse;23.04.1973;N;47304239162;50
Annabel;Laks;25.03.1982;N;48203250220;41
Tairo;Kroon;19.07.1981;M;38107198467;42
Eliisabeth;Raja;16.08.1968;N;46808167511;55
Remi;Toom;03.12.1966;M;36612030038;57
Andris;Nurm;12.12.1995;M;39512123156;27
Kaileen;Piho;20.01.1976;N;47601202497;47
Danel;Tuul;23.12.1987;M;38712239949;35
Karl-Markus;Jõe;15.02.1987;M;38702151753;36
Kalle;Kink;10.12.1993;M;39312102663;29
Adele;Kallas;30.07.1977;N;47707309644;46
Reigo;Luiga;01.09.1991;M;39109011613;32
Johannes;Klavan;29.02.1960;M;36002290880;63
Heleri;Andreev;22.10.1983;N;48310223527;40
Lars;Mäe;18.04.1976;M;37604182639;47
Katja;Kõiv;04.08.1974;N;47408046327;49
Gea;Salumäe;01.11.1992;N;49211016644;31
Daisi;Alas;09.10.1978;N;47810099796;45
Anton;Loorits;09.07.1970;M;37007095214;53
Ele;Danilov;11.05.1981;N;48105116225;42
Märten;Pärnpuu;13.02.1978;M;37802138196;45
Veljo;Pärtel;30.07.1982;M;38207305157;41
Kenno;Leis;09.06.1978;M;37806093071;45
Daniel;Raud;26.01.1998;M;39801265175;25
Irina;Borissov;13.10.1972;N;47210132430;51
Iti;Õun;19.10.1984;N;48410192629;39
Helerin;Bogdanov;18.07.1993;N;49307183403;30
Aveli;Rohtla;02.10.1991;N;49110024764;32
Imre;Oras;26.03.1965;M;36503268205;58
Lauren;Järv;17.02.1994;N;49402173791;29
Kerli;Štšerbakov;12.01.1982;N;48201129738;41
Kaire;Anderson;10.08.1999;N;49908105627;24
Helerin;Müürsepp;25.02.1991;N;49102257482;32
Tuuli;Smirnov;11.12.1961;N;46112112616;61
Keio;Aavik;15.07.1974;M;37407154771;49
Remi;Annus;27.05.1997;M;39705279282;26
Cätlin;Ploom;08.06.1971;N;47106080280;52
Uljana;Kalm;24.03.1997;N;49703243022;26
Mait;Vares;26.04.1985;M;38504267242;38
Leonid;Pettai;15.04.1999;M;39904153030;24
Innar;Heinsoo;04.03.1991;M;39103046134;32
Annika;Paal;16.06.1988;N;48806166399;35
Lisete;Kudrjavtsev;15.06.1966;N;46606151175;57
Kaspar;Roos;23.01.1980;M;38001236726;43
Cassandra;Nikitin;01.11.1981;N;48111013352;42
Karl Jakob;Liblik;18.04.1965;M;36504183240;58
Cathy;Melnik;03.05.1971;N;47105037511;52
Cristofer;Rüütel;01.04.1986;M;38604013347;37
Martti;Tammet;12.08.1988;M;38808127839;35
Pjotr;Annus;05.12.1980;M;38012057308;43
Harry;Jarvis;28.08.1993;M;39308283716;30
Ago;Vaino;22.03.1995;M;39503225141;28
Olesja;Sarap;28.09.1979;N;47909281931;44
Ljubov;Vinogradov;26.10.1984;N;48410263216;39
Silver;Saar;28.03.1966;M;36603282610;57
Evgeny;Madisson;28.09.1971;M;37109287299;52
Dimitri;Fomin;20.06.1960;M;36006209340;63
Iti;Pettai;15.05.1997;N;49705150624;26
Melissa;Sisask;25.03.1994;N;49403256056;29
Üllar;Õispuu;22.09.1965;M;36509228240;58
Veronica;Titov;07.11.1973;N;47311078906;50
Hannela;Antonov;14.05.1966;N;46605144130;57
Evita;Nuut;09.01.1990;N;49001095598;33
Lii;Raamat;01.01.1969;N;46901011646;54
Jako;Täht;05.09.1996;M;39609059530;27
Geidi;Lotman;21.02.1991;N;49102213096;32
Magnus;Raja;01.07.1996;M;39607017574;27
Olivia;Jermakov;06.07.1996;N;49607066809;27
Armo;Rosenberg;26.07.1994;M;39407262806;29
Ekke;Müürsepp;02.05.1966;M;36605024338;57
Chris;Zahharov;28.12.1994;M;39412289034;28
Merili;Kuuse;10.12.1960;N;46012109716;62
Egert;Annus;14.11.1969;M;36911146894;54
Mihkel;Palm;13.07.1995;M;39507137729;28
Rinat;Kostin;30.10.1964;M;36410303094;59
Olivia;Trei;20.05.1985;N;48505201862;38
Vsevolod;Suvi;30.08.1991;M;39108303420;32
Tauno;Raja;25.03.1996;M;39603252870;27
Vera;Sild;12.03.1971;N;47103120302;52
Ketlin;Kallas;23.01.1960;N;46001237218;63
Renet;Kuusik;19.05.1986;M;38605191945;37
Tanel;Vaher;07.03.1995;M;39503071300;28
Anthony;Kiik;23.02.1981;M;38102239071;42
Karel;Lipp;13.01.1986;M;38601132720;37
Aivar;Teder;05.07.1985;M;38507054225;38
Kaari;Jarvis;13.12.1961;N;46112132315;61
Reti;Abbt;30.12.1968;N;46812300196;54
Mariliis;Järv;28.09.1995;N;49509286231;28
Merili;Arro;29.01.1961;N;46101295636;62
Anne;Sarapuu;20.07.1999;N;49907207356;24
Marielle;Herodes;09.05.1960;N;46005096514;63
Gea;Eller;04.03.1990;N;49003040840;33
Ene;Must;17.07.1974;N;47407174340;49
Emilia;Kapp;30.05.1982;N;48205308779;41
Toomas;Johanson;01.04.1996;M;39604014409;27
Maarja-Liis;Kallas;09.04.1984;N;48404098735;39
Siret;Tomson;21.06.1969;N;46906211849;54
Mart;Mäeots;30.09.1981;M;38109303869;42
Ariana;Kaljuvee;02.02.1970;N;47002029505;53
Evelina;Jürisson;13.02.1989;N;48902135346;34
Keiri;Rosenberg;19.11.1994;N;49411191636;29
Toomas;Pärtel;21.09.1972;M;37209212645;51
Armand;Heinsalu;21.09.1997;M;39709218358;26
Berit;Fedorov;23.05.1999;N;49905235725;24
Erlend;Mitt;09.02.1984;M;38402096081;39
Jüri;Powell;07.02.1999;M;39902073785;24
Valeriya;Abbt;02.04.1988;N;48804029081;35
Egon;Soo;11.08.1988;M;38808119602;35
Vanessa;Leppik;27.10.1976;N;47610274657;47
Bogdan;Kütt;02.06.1961;M;36106021256;62
Henri;Johanson;14.03.1971;M;37103146702;52
Daniela;Kool;26.05.1972;N;47205263538;51
Erko;Kurg;18.01.1986;M;38601185557;37
Sofija;Kuusk;08.08.1988;N;48808086133;35
Kadi-Liis;Vahtra;28.04.1967;N;46704286359;56
Adelina;Vill;17.06.1960;N;46006175082;63
Raneli;Karro;04.02.1960;N;46002047137;63
Silvia;Kull;04.02.1966;N;46602046809;57
Raivo;Pärtel;05.03.1997;M;39703057883;26
Tatiana;Zaitsev;01.10.1992;N;49210015521;31
Hendri;Oras;26.03.1963;M;36303261336;60
Minna;Remmel;23.03.1995;N;49503239716;28
Kärolin;Borissov;21.11.1985;N;48511218103;38
Gerdo;Viks;02.01.1994;M;39401021209;29
Klaarika;Kivimäe;14.10.1961;N;46110141824;62
Marlen;Borissov;03.02.1988;N;48802035601;35
Rünno;Nurk;19.09.1989;M;38909191972;34
Victoria;Lipp;18.04.1987;N;48704187452;36
Tiia;Kallaste;11.12.1971;N;47112111622;51
Karolina;Nuut;05.07.1993;N;49307059205;30
Kaire;Kuusik;27.06.1994;N;49406278734;29
Johanna;Ploom;26.01.1997;N;49701263728;26
Vitali;Lukk;03.06.1960;M;36006036481;63
Joonatan;Annus;24.11.1993;M;39311242647;30
Albina;Rüütel;24.12.1966;N;46612245212;56
Maiko;Ploom;03.09.1969;M;36909035679;54
Brittany;Popov;30.09.1998;N;49809300197;25
Mirell;Kangro;24.10.1981;N;48110243993;42
Simona;Kaljurand;24.06.1972;N;47206249233;51
Kait;Kalmus;17.08.1986;M;38608171021;37
Gustav;Lipp;04.05.1985;M;38505044397;38
Urmas;Kalmus;25.01.1988;M;38801255752;35
Ly;Pärn;11.05.1975;N;47505119730;48
Sille;Poom;01.07.1981;N;48107013398;42
Randel;Lipp;30.06.1979;M;37906305472;44
Veronica;Mark;05.08.1983;N;48308053332;40
Kärolin;Uus;19.05.1970;N;47005199071;53
Piret;Lääts;19.06.1976;N;47606192752;47
Moonika;Lätt;28.02.1988;N;48802282501;35
Taisi;Männik;02.01.1979;N;47901020757;44
Kätlin;Kink;28.06.1968;N;46806282692;55
Renet;Suvorov;02.10.1990;M;39010025565;33
Toni;Gross;16.12.1975;M;37512163099;47
Kauri;Meier;14.11.1964;M;36411147910;59
Maiken;Tooming;23.06.1967;N;46706237878;56
Cathy;Laan;08.10.1982;N;48210089678;41
Emeri;Kurm;04.06.1960;N;46006043147;63
Mart;Uus;05.10.1998;M;39810057391;25
Kätlin;Kutsar;02.06.1966;N;46606027007;57
Kersti;Hein;03.06.1964;N;46406032473;59
Lukas;Tammik;10.09.1973;M;37309108137;50
Kaili;Vasiliev;24.10.1971;N;47110248665;52
Arabella;Markson;08.02.1995;N;49502088955;28
Loora;Vaher;10.09.1990;N;49009100148;33
Mart;Lukin;07.11.1979;M;37911073239;44
Stepan;Lebedev;23.02.1979;M;37902236162;44
Sven;Lipp;27.10.1991;M;39110278012;32
Madis;Kirs;31.01.1989;M;38901310931;34
Mari-Liis;Nikolaev;18.04.1979;N;47904184679;44
Janika;Kaljula;28.04.1969;N;46904284220;54
Kairi;Volkov;26.06.1988;N;48806269031;35
Ljudmila;Orlov;18.04.1984;N;48404181239;39
Iiris;Orlov;28.02.1961;N;46102286915;62
Anfissa;Koger;18.08.1999;N;49908183491;24
Sirli;Saare;10.11.1992;N;49211109596;31
Julia;Kass;01.05.1975;N;47505014281;48
Hans;Kant;22.09.1997;M;39709227528;26
Agnes;Mändla;19.01.1992;N;49201195744;31
Ako;Kondratjev;25.12.1971;M;37112253322;51
Ramon;Allik;16.07.1970;M;37007162659;53
Tambet;Voronin;08.03.1968;M;36803087589;55
Elizabeth;Žukov;19.04.1966;N;46604192904;57
Marje;Erik;06.05.1978;N;47805061402;45
Kaire;Liivak;01.07.1994;N;49407018299;29
Mattis;Makarov;17.03.1994;M;39403170250;29
Robi;Suvi;23.09.1969;M;36909237027;54
Jaana;Aasa;02.12.1978;N;47812023355;45
Eike;Fedotov;05.07.1966;N;46607057826;57
Sten Martin;Kondratjev;08.10.1961;M;36110087081;62
Arthur;Kuningas;12.05.1966;M;36605126726;57
Anette;Tali;15.10.1963;N;46310154240;60
Karl Jakob;Gavrilov;24.03.1995;M;39503244136;28
Renate;Aasa;29.10.1993;N;49310299240;30
Karita;Laas;27.10.1967;N;46710270636;56
Izabella;Härm;21.08.1997;N;49708213306;26
Miikael;Prikk;15.12.1968;M;36812154637;54
Karolin;Must;21.11.1989;N;48911216476;34
Tarvo;Mets;01.07.1971;M;37107010549;52
Jaanek;Novikov;01.01.1964;M;36401019494;59
Merje;Pikk;06.01.1961;N;46101063420;62
Heiki;Kärner;09.11.1996;M;39611098121;27
Jegor;Nikiforov;30.05.1984;M;38405308404;39
Valentin;Martin;12.04.1992;M;39204120142;31
Marie;Muru;07.01.1972;N;47201075285;51
Andre;Hunt;09.10.1998;M;39810096594;25
Veroonika;Viik;23.04.1985;N;48504233948;38
Kelli;Kallaste;01.12.1962;N;46212017075;61
Triin;Gavrilov;19.05.1987;N;48705196579;36
Gregory;Kangur;05.07.1983;M;38307054919;40
Albina;Markus;23.05.1994;N;49405231050;29
Sten-Erik;Järvekülg;16.07.1991;M;39107162072;32
Veroonika;Toome;28.08.1981;N;48108284970;42
Simone;Oja;22.03.1964;N;46403221668;59
Kalle;Laanemets;15.06.1994;M;39406150236;29
Danel;Kuus;12.08.1977;M;37708125987;46
Iris;Tuul;31.08.1998;N;49808316636;25
Sten Martin;Komarov;03.04.1964;M;36404036949;59
Liisbeth;Ojaste;09.04.1967;N;46704099005;56
Freddy;Mitt;12.05.1991;M;39105125393;32
Andris;Powell;27.07.1994;M;39407275873;29
Valeri;Laan;28.09.1978;M;37809285710;45
Ülari;Nikiforov;03.03.1963;M;36303031717;60
Gerly;Mitt;07.12.1980;N;48012078361;43
Sergey;Lehiste;16.12.1966;M;36612166607;56
Cärol;Aus;27.03.1962;N;46203275822;61
Anna;Sulg;20.09.1963;N;46309201545;60
Olga;Sillaots;25.12.1972;N;47212251930;50
Raul;Lunin;02.07.1993;M;39307027572;30
Katja;Miller;26.12.1984;N;48412268007;38
Tomas;Kivistik;03.10.1981;M;38110034507;42
Michael;Kotkas;02.09.1987;M;38709022291;36
Aleksandra;Tammik;03.05.1965;N;46505034115;58
Ranar;Kiis;24.07.1999;M;39907241572;24
Joanna;Ojaste;06.02.1963;N;46302068411;60
Nadezda;Oja;09.03.1985;N;48503091971;38
Olga;Kuus;06.06.1975;N;47506067885;48
Arseni;Kalamees;07.02.1996;M;39602077666;27
Annett;Kikas;11.11.1978;N;47811119077;45
Kerti;Suur;07.12.1991;N;49112070770;32
Rainis;Hein;24.11.1996;M;39611241361;27
Kaidi;Ploom;04.12.1990;N;49012047917;33
Morten;Mann;03.06.1996;M;39606036934;27
Aljona;Loginov;11.05.1992;N;49205110024;31
Rivo;Naumov;15.03.1991;M;39103158883;32
Reimo;Täht;18.05.1993;M;39305181008;30
Veronica;Kangro;09.08.1984;N;48408095321;39
Stanislav;Sööt;01.12.1966;M;36612019075;57
Isabel;Pihlak;08.01.1967;N;46701081282;56
Randar;Vähi;06.01.1965;M;36501061956;58
Raul;Lass;18.11.1982;M;38211189819;41
Melany;Valge;14.05.1993;N;49305148943;30
Gabriela;Saveljev;08.02.1984;N;48402088486;39
Rinat;Nikitin;06.06.1981;M;38106063763;42
Tanel;Allas;08.11.1992;M;39211084571;31
Veroonika;Maslov;06.12.1990;N;49012065015;33
Reigo;Raidma;05.04.1984;M;38404054297;39
Reigo;Sikorski;29.11.1994;M;39411298100;29
Anu;Kask;14.07.1993;N;49307145312;30
Alan;Soo;07.12.1968;M;36812076604;55
Uku;Rumjantsev;05.02.1981;M;38102058192;42
Raivo;Kilk;01.05.1998;M;39805019162;25
Margareth;Hõbe;21.05.1981;N;48105216585;42
Marilyn;Laan;09.02.1970;N;47002095837;53
Hans Erik;Sokolov;09.12.1985;M;38512094024;37
Inger;Kõiv;01.07.1994;N;49407019662;29
Remi;Koort;25.06.1998;M;39806259147;25
Markos;Kallaste;16.04.1987;M;38704165908;36
Helene;Kurvits;05.03.1960;N;46003051199;63
Heiko;Kivilo;27.07.1965;M;36507272065;58
Toivo;Nikolaev;30.12.1974;M;37412301729;48
Heinrich;Rein;17.10.1990;M;39010173011;33
Ellen;Valge;30.09.1990;N;49009307891;33
Maarja;Lillemets;20.06.1963;N;46306205955;60
Alexandra;Sirel;10.12.1962;N;46212100703;60
Uku;Sarap;30.10.1960;M;36010308089;63
Aet;Mikk;09.07.1975;N;47507099686;48
Ekaterina;Reinsalu;18.04.1985;N;48504184538;38
Brigitta;Järvesaar;10.05.1988;N;48805102444;35
Meril;Kaljuste;01.07.1983;N;48307017843;40
Jan Erik;Lauri;01.07.1999;M;39907012089;24
Tarvi;Viik;26.01.1989;M;38901269776;34
Marek;Hõbe;13.05.1980;M;38005134335;43
Elo;Raud;06.07.1962;N;46207061740;61
Danila;Toots;24.03.1987;M;38703246784;36
Jan Markus;Piirsalu;14.10.1995;M;39510149082;28
Mikael;Jürgens;23.06.1974;M;37406231568;49
Kalvi;Klavan;07.11.1989;M;38911075264;34
Kärt;Unt;08.06.1980;N;48006086842;43
Karmel;Vaher;18.12.1964;N;46412181498;58
Liisa Maria;Roots;27.09.1969;N;46909278636;54
Artemi;Kalm;05.06.1969;M;36906058027;54
Auli;Kurm;12.11.1995;N;49511129293;28
Anabel;Kalm;30.07.1983;N;48307301931;40
Elvira;Hein;23.03.1966;N;46603233556;57
Marii;Liblik;04.09.1967;N;46709048021;56
Merje;Sillaots;21.01.1960;N;46001213272;63
Marje;Nurm;25.10.1986;N;48610250554;37
Enelin;Vaher;01.03.1987;N;48703015872;36
Tobias;Vares;12.02.1991;M;39102125455;32
Kauri;Abderhalden;06.11.1961;M;36111069205;62
Carl;Kapp;08.05.1987;M;38705087636;36
Marek;Järvesaar;01.03.1991;M;39103014104;32
Dmitri;Põdra;02.12.1996;M;39612021698;27
Tanel;Kurg;12.08.1998;M;39808124071;25
Simon;Filippov;24.02.1979;M;37902244208;44
Mairon;Pihlak;11.04.1988;M;38804115298;35
Matis;Green;05.01.1991;M;39101058284;32
Mari;Arula;11.04.1984;N;48404118773;39
Alvar;Uus;03.09.1998;M;39809033271;25
Raigo;Järvesaar;27.06.1979;M;37906271567;44
Meeli;Kulikov;06.07.1977;N;47707060599;46
Caroline;Lätt;01.06.1976;N;47606017771;47
Hendri;Luiga;15.09.1967;M;36709153784;56
Silvia;Liivak;11.01.1971;N;47101112142;52
Mark;Juhkam;09.03.1981;M;38103093369;42
Timur;Toom;12.06.1984;M;38406120343;39
Viljar;Raudsepp;07.05.1962;M;36205078634;61
Meelika;Lass;31.07.1970;N;47007311714;53
Alice;Tõnisson;25.07.1967;N;46707255185;56
Rain;Sergejev;31.12.1984;M;38412317792;38
Johann;Abel;11.07.1991;M;39107110660;32
Terje;Orlov;01.06.1967;N;46706015164;56
August;Johanson;09.05.1998;M;39805092153;25
Stenver;Kalamees;18.02.1995;M;39502183618;28
Alesja;Hansen;09.12.1960;N;46012097825;62
Kerstin;Kalmus;12.06.1960;N;46006122410;63
Mariete;Oks;02.05.1975;N;47505022709;48
Rivo;Makarov;15.04.1992;M;39204153330;31
Ragne;Põldmaa;02.03.1974;N;47403024109;49
Einar;Paas;20.11.1963;M;36311203246;60
Martha;Kodres;19.08.1974;N;47408198706;49
Britt;Kostin;06.07.1975;N;47507060661;48
Kairo;Hansen;17.04.1997;M;39704177987;26
Jaana;Medvedev;06.04.1974;N;47404065328;49
Argo;Korol;25.01.1961;M;36101259880;62
Julia;Mitt;26.12.1965;N;46512269896;57
Joosep;Erm;17.12.1974;M;37412175244;48
Randel;Juhkam;04.08.1963;M;36308043298;60
Margaret;Kelder;26.09.1990;N;49009267947;33
Mikk;Rebane;09.11.1978;M;37811092053;45
Magnar;Trofimov;09.03.1960;M;36003092319;63
Kerttu;Teder;27.01.1975;N;47501277031;48
Emil;Beljajev;30.09.1987;M;38709309049;36
Ketlin;Klein;14.02.1981;N;48102149077;42
Katariina;Medvedev;06.12.1983;N;48312066324;40
Eerika;Mölder;07.01.1966;N;46601074925;57
Ernst;Pärna;10.11.1970;M;37011106714;53
Marlen;Ots;01.02.1972;N;47202011172;51
Rahel;Meister;15.04.1970;N;47004158335;53
Dajana;Karu;05.06.1983;N;48306058603;40
Sirle;Merila;19.04.1999;N;49904198890;24
Annabella;Rein;11.11.1990;N;49011116811;33
Ahti;Renoir;14.04.1977;M;37704144137;46
Markkus;Nikitin;22.02.1960;M;36002222350;63
Lauri;Mäesalu;18.07.1981;M;38107184648;42
Alina;Uustalu;21.11.1974;N;47411219686;49
Nele-Liis;Alas;02.05.1979;N;47905028475;44
Carolin;Paal;25.02.1963;N;46302254425;60
Aveli;Bõstrov;28.03.1967;N;46703283640;56
Gregori;Iljin;09.02.1996;M;39602092102;27
Annely;Puusepp;26.08.1972;N;47208262514;51
Kadri-Liis;Piir;13.01.1979;N;47901137750;44
Jako;Kesküla;01.10.1973;M;37310013708;50
Rein;Kivilo;18.02.1971;M;37102180454;52
Pille-Riin;Täht;12.01.1963;N;46301127980;60
Mariana;Palu;04.09.1992;N;49209042267;31
Sylvia;Palu;16.04.1969;N;46904165865;54
Aron;Adamson;06.11.1990;M;39011068057;33
Nele;Jarvis;12.12.1969;N;46912120562;53
Konstantin;Soosaar;08.01.1964;M;36401081141;59
Dagmar;Bogdanov;02.05.1997;N;49705024175;26
Mari-Ann;Nurm;06.04.1968;N;46804062384;55
Oleg;Sillaots;04.05.1985;M;38505046474;38
Anna Liisa;Põder;23.03.1965;N;46503230949;58
Edith;Pihelgas;17.07.1987;N;48707173076;36
Reena;Veski;02.09.1965;N;46509021534;58
Raimond;Karu;17.06.1984;M;38406179179;39
Beatrice;Prikk;23.05.1980;N;48005237219;43
Kennet;Rein;20.09.1964;M;36409209158;59
Kristine;Alekseev;11.09.1962;N;46209110325;61
Adrian;Lõhmus;19.06.1971;M;37106195241;52
Ervin;Toots;26.06.1989;M;38906266704;34
Randel;Ots;09.11.1970;M;37011090959;53
Carina;Jürgens;05.10.1988;N;48810053428;35
Remi;Lukin;30.06.1973;M;37306309643;50
Alika;Silm;01.07.1973;N;47307014891;50
Markko;Mets;30.04.1969;M;36904301141;54
Ken-Martin;Sööt;20.07.1976;M;37607205166;47
Reijo;Kant;31.01.1981;M;38101314458;42
Helis;Kondratjev;04.07.1984;N;48407044858;39
Anastassia;Sidorov;07.09.1974;N;47409074399;49
Ester;Kulikov;01.03.1988;N;48803015766;35
Eduard;Mercklin;05.09.1975;M;37509056567;48
Johanna Maria;Ševtšenko;23.06.1983;N;48306231926;40
Valdur;Oras;16.02.1977;M;37702164551;46
Leonard;Sisask;23.05.1979;M;37905233645;44
Stenver;Aavik;18.06.1977;M;37706185921;46
Helina;Sikorski;29.12.1992;N;49212299185;30
Daniil;Puusepp;08.03.1975;M;37503085547;48
Kaidar;Erm;12.05.1963;M;36305121663;60
Magnar;Hansen;23.04.1994;M;39404233886;29
Albert;Saul;26.02.1985;M;38502265353;38
Liisbeth;Bondarenko;10.01.1974;N;47401102021;49
Raina;Aus;20.04.1982;N;48204208639;41
Deivi;Raid;16.10.1986;N;48610163518;37
Rostislav;Randmaa;05.10.1962;M;36210059831;61
Ellen;Lokk;29.12.1961;N;46112297113;61
Aivar;Leht;25.01.1977;M;37701255309;46
Evgeny;Kaljuste;28.03.1978;M;37803288726;45
Valdur;Kaasik;13.06.1973;M;37306131187;50
Kadi;Mandel;16.10.1988;N;48810167061;35
Ellen;Randmaa;08.03.1988;N;48803081559;35
Ragne;Vares;13.02.1984;N;48402133825;39
Keity;Lepp;22.11.1992;N;49211223496;31
Leonard;Schmidt;30.05.1987;M;38705303060;36
Richard;Tamberg;04.07.1971;M;37107045168;52
Isabel;Sibul;22.10.1966;N;46610229033;57
Virgo;Kärner;01.02.1972;M;37202017622;51
Mart;Kulikov;29.08.1975;M;37508299191;48
Keijo;Aasa;17.03.1990;M;39003176262;33
Ragne;Soon;01.02.1967;N;46702010949;56
Agris;Lukk;22.01.1991;M;39101227722;32
Kätlyn;Gontšarov;08.09.1985;N;48509088016;38
Marelle;Jürgenson;30.10.1999;N;49910309208;24
Krete;Tihhomirov;06.06.1967;N;46706066684;56
Adriana;Gusev;05.10.1979;N;47910050615;44
Lidia;Kadak;27.03.1997;N;49703274294;26
Annabell;Soon;15.01.1978;N;47801159269;45
Liisu;Mihhailov;23.06.1991;N;49106238794;32
Olari;Palu;04.02.1995;M;39502048856;28
Ksenja;Valge;05.06.1961;N;46106050231;62
Epp;Org;10.03.1975;N;47503108160;48
Enri;Nazarov;23.02.1970;M;37002236046;53
Lisell;Kurvits;02.11.1963;N;46311023518;60
Katriin;Suvorov;15.01.1994;N;49401156371;29
Morten;Borissov;03.12.1998;M;39812035259;25
Marily;Žuravljov;20.08.1982;N;48208200826;41
Ljudmila;Laane;12.01.1961;N;46101129107;62
Annett;Mändla;05.06.1976;N;47606057977;47
Reno;Kärner;16.09.1978;M;37809163413;45
Jalmar;Siim;14.12.1978;M;37812141231;44
Cassandra;Gross;16.06.1984;N;48406163473;39
Britta;Loginov;12.10.1996;N;49610122323;27
Varvara;Anderson;27.01.1991;N;49101271937;32
Arseni;Žukov;10.06.1974;M;37406107919;49
Deivid;Abderhalden;13.02.1997;M;39702138887;26
Matis;Käärik;01.12.1971;M;37112014797;52
Ranel;Tamberg;25.04.1970;M;37004255319;53
Andri;Sulg;30.03.1987;M;38703302875;36
Anete;Tiits;02.07.1970;N;47007020033;53
Amanda;Prikk;22.08.1995;N;49508222727;28
Aet;Solovjov;13.02.1981;N;48102130795;42
Hans;Moor;15.10.1969;M;36910152958;54
Karl Gustav;Kallaste;25.05.1963;M;36305255667;60
Alexander;Sööt;04.08.1984;M;38408040824;39
Mattis;Marksoo;07.04.1968;M;36804078483;55
Anne-Liis;Uus;30.01.1975;N;47501304008;48
Villem;Gavrilov;25.02.1981;M;38102255074;42
Nadežda;Novikov;16.05.1986;N;48605169320;37
Annela;Männiste;01.10.1964;N;46410017992;59
Sirli;Kirsipuu;15.07.1984;N;48407151414;39
Teili;Valk;12.07.1988;N;48807128698;35
Jako;Lumiste;18.06.1994;M;39406183172;29
Annika;Liiv;24.02.1975;N;47502241781;48
Mirko;Suur;22.05.1977;M;37705226680;46
Anžela;Raidma;06.03.1974;N;47403060391;49
Veroonika;Raja;03.10.1980;N;48010032534;43
Olga;Roosileht;20.04.1969;N;46904205016;54
Heidy;Annus;03.08.1977;N;47708036178;46
Kai;Jakovlev;04.04.1963;N;46304049807;60
Kasper;Kelder;06.09.1981;M;38109063589;42
Magnus;Anissimov;23.02.1992;M;39202239491;31
Adelina;Lõhmus;09.01.1997;N;49701091090;26
Armand;Lääne;28.10.1965;M;36510286793;58
Sigmar;Õispuu;28.10.1974;M;37410283390;49
Rebeka;Maripuu;28.04.1988;N;48804288910;35
Edward;Jürisson;05.07.1977;M;37707051355;46
Keitlin;Reinke;03.03.1987;N;48703039402;36
Eric;Roos;17.02.1968;M;36802172712;55
Ivan;Tuulik;14.10.1989;M;38910147209;34
Filipp;Aru;02.04.1988;M;38804022607;35
Maksim;Pärnpuu;02.04.1974;M;37404020994;49
Karita;Remmel;09.06.1973;N;47306091481;50
Caspar;Sisask;23.07.1967;M;36707235258;56
Albina;Mäesalu;15.03.1992;N;49203152615;31
Helerin;Roosileht;16.01.1987;N;48701161604;36
Darja;Kuznetsov;01.12.1976;N;47612014930;47
Kaspar;Lillemets;14.01.1986;M;38601148418;37
Jaanika;Timofejev;08.08.1979;N;47908089892;44
Ilya;Jõgi;25.12.1985;M;38512250824;37
Agnes;Muru;08.11.1967;N;46711080401;56
Tuuli;Kisseljov;09.10.1981;N;48110097785;42
Erik;Laanemets;01.07.1966;M;36607016439;57
Edgar;Pärna;10.10.1998;M;39810102865;25
Merit;Lass;08.01.1980;N;48001088170;43
Karolina;Männiste;06.04.1973;N;47304064630;50
Elina;Lebedev;11.09.1998;N;49809116723;25
Saara;Luiga;09.07.1960;N;46007095191;63
Kerttu;Rohtla;03.05.1974;N;47405031145;49
Randel;Org;16.11.1964;M;36411161608;59
Katariina;Sibul;05.07.1972;N;47207050226;51
Kerttu;Raid;25.02.1981;N;48102254748;42
Ronaldo;Mägi;03.12.1972;M;37212033733;51
Linda;Pettai;17.09.1985;N;48509173754;38
Roland;Juhanson;22.04.1961;M;36104225353;62
Jaana;Kangro;24.09.1987;N;48709243257;36
Ester;Bogdanov;12.02.1990;N;49002126898;33
Daniela;Laas;20.09.1986;N;48609206404;37
Denis;Männiste;26.10.1964;M;36410264518;59
Katrin;Panov;07.10.1982;N;48210078896;41
Vallo;Pihlak;21.10.1974;M;37410218433;49
Renar;Fomin;18.06.1991;M;39106183301;32
Heiko;Jõesaar;20.09.1998;M;39809207533;25
Anette;Erik;26.04.1982;N;48204269981;41
Geidy;Mäeots;09.12.1969;N;46912092997;53
Danil;Anton;07.11.1980;M;38011070962;43
Krete;Lõhmus;02.06.1980;N;48006023898;43
Sanna;Kivimäe;14.03.1995;N;49503146245;28
Risto;Anderson;06.09.1994;M;39409064758;29
Mailiis;Koger;03.07.1962;N;46207031084;61
Lii;Sisask;13.09.1978;N;47809134908;45
Grigori;Voronin;19.01.1998;M;39801194258;25
Hans Erik;Johanson;26.04.1982;M;38204268121;41
Airi;Ilves;30.11.1979;N;47911308981;44
Vlada;Raud;27.11.1985;N;48511272599;38
Valentin;Kaljuvee;31.01.1998;M;39801310404;25
Sirly;Liivak;26.03.1999;N;49903269468;24
Marko;Jarvis;29.07.1964;M;36407291409;59
Marily;Kaljurand;03.10.1960;N;46010030968;63
Maarika;Kool;07.07.1969;N;46907074303;54
Kennet;Meister;14.03.1968;M;36803142092;55
Ago;Konstantinov;28.05.1996;M;39605288699;27
Jennifer;Zahharov;17.09.1983;N;48309170634;40
Mattis;Vaher;01.04.1997;M;39704012338;26
Laura-Liis;Zahharov;06.12.1999;N;49912061364;24
Elizabeth;Teesalu;30.07.1988;N;48807301075;35
Even;Malõšev;08.02.1973;M;37302083379;50
Timmo;Kasemets;15.12.1982;M;38212156026;40
Margareth;Jefimov;17.07.1965;N;46507178291;58
Karl-Kristjan;Pärna;12.10.1967;M;36710122398;56
Olari;Abel;02.08.1965;M;36508022405;58
Alexander;Viira;22.05.1978;M;37805226706;45
Simone;Suur;14.08.1976;N;47608140522;47
Keiti;Mürk;25.12.1979;N;47912257909;43
Natalia;Oks;15.12.1983;N;48312154663;39
Gustav;Paas;11.11.1972;M;37211114559;51
Brandon;Nõmmik;11.03.1970;M;37003110747;53
Maarjo;Tilk;16.10.1970;M;37010164944;53
Karol;Aleksandrov;07.09.1973;M;37309076980;50
Leanika;Kool;08.09.1971;N;47109085521;52
Gabriela;Urb;17.10.1977;N;47710178014;46
Kelvin;Ignatjev;28.10.1983;M;38310287415;40
Sabrina;Heinsoo;23.11.1979;N;47911238462;44
Marion;Kuus;09.10.1994;N;49410090314;29
Vladimir;Rumjantsev;05.10.1979;M;37910056592;44
Luisa;Muru;31.08.1970;N;47008310751;53
Tambet;Laks;13.04.1968;M;36804133099;55
Janika;Medvedev;23.10.1962;N;46210234778;61
Katri;Kasak;15.05.1994;N;49405159163;29
Kristo;Jeršov;07.11.1994;M;39411073934;29
Triinu-Liis;Green;20.07.1975;N;47507208326;48
Lii;Remmel;22.05.1993;N;49305227456;30
Danila;Solovjov;28.07.1974;M;37407287254;49
Rostislav;Rumjantsev;16.04.1997;M;39704160993;26
Keily;Sobolev;08.06.1990;N;49006085987;33
Kregor;Kivimäe;15.12.1996;M;39612155496;26
Ljubov;Adamson;14.08.1968;N;46808141695;55
Anastassija;Jaanus;07.08.1980;N;48008077624;43
Greete;Gross;05.03.1993;N;49303050835;30
Aron;Salumets;04.11.1987;M;38711047590;36
Jegor;Fomin;07.11.1971;M;37111071214;52
Cevin;Jürgenson;31.10.1978;M;37810312033;45
Peep;Sillaots;12.04.1987;M;38704121123;36
Jennifer;Raadik;25.04.1970;N;47004254659;53
Evita;Kull;25.10.1999;N;49910258397;24
Hannabel;Ott;29.07.1982;N;48207292749;41
Valentin;Saul;02.04.1986;M;38604029029;37
Marko;Vain;13.11.1965;M;36511138215;58
Raner;Maack;13.04.1984;M;38404137657;39
Arlet;Petrov;28.11.1973;M;37311284770;50
Kristiine;Luik;28.03.1988;N;48803280259;35
Birgit;Jaanus;10.08.1982;N;48208102037;41
Ivo;Gerassimov;30.01.1996;M;39601301942;27
Aili;Ivanov;04.08.1970;N;47008049349;53
Betti;Laane;12.10.1973;N;47310122554;50
Stepan;Rüütel;28.06.1998;M;39806284585;25
Eleanora;Mäeots;22.03.1965;N;46503227756;58
Rita;Lepik;20.06.1983;N;48306202564;40
Ahto;Viik;29.07.1969;M;36907296342;54
Christian;Sander;21.12.1974;M;37412216782;48
Ruslan;Antonov;21.08.1978;M;37808213910;45
Astrid;Jegorov;13.01.1997;N;49701137293;26
Katja;Tamberg;23.12.1984;N;48412237327;38
Merlin;Kesküla;06.08.1999;N;49908068713;24
Valeria;Vahtra;18.03.1963;N;46303189939;60
Gerly;Sepp;15.02.1985;N;48502154117;38
Izabella;Kuusik;04.12.1985;N;48512043264;38
Mikk;Denissov;17.05.1985;M;38505171212;38
Taisi;Panov;16.06.1974;N;47406161295;49
Valeriya;Zahharov;29.07.1986;N;48607295176;37
Rebeka;Kalm;19.02.1990;N;49002191045;33
Kristo;Oks;16.06.1965;M;36506168686;58
Karoli;Lehtmets;10.04.1974;N;47404109687;49
Juhan;Herodes;05.11.1986;M;38611054759;37
Carolin;Abbt;27.01.1980;N;48001271927;43
Riivo;Pärnpuu;16.09.1962;M;36209167494;61
Niina;Kotov;02.01.1966;N;46601028224;57
Albert;Aun;15.08.1983;M;38308153314;40
Christofer;Kondratjev;28.06.1994;M;39406284591;29
Evita;Lindgren;08.07.1992;N;49207086050;31
Siim;Tuul;25.10.1983;M;38310252700;40
Marika;Sulg;24.05.1980;N;48005241970;43
Sander;Kala;12.04.1977;M;37704127447;46
Ene;Klimov;05.04.1983;N;48304056358;40
Getriin;Loorits;14.02.1998;N;49802147800;25
Ann;Nõmmik;30.06.1995;N;49506303298;28
Oscar;Powell;02.09.1978;M;37809020489;45
Sophia;Kissa;31.08.1996;N;49608318767;27
Anastasija;Kirs;09.06.1984;N;48406096990;39
Karolin;Roos;22.08.1992;N;49208229588;31
Anni;Kaur;17.12.1982;N;48212174504;40
Urmas;Mironov;26.11.1991;M;39111265067;32
Rando;Ojala;14.09.1972;M;37209143411;51
Liina;Powell;26.06.1981;N;48106260395;42
Nora;Jeršov;10.07.1966;N;46607101915;57
Anu;Gavrilov;13.10.1989;N;48910137743;34
Aliis;Jegorov;10.04.1961;N;46104104575;62
Helena;Liivamägi;05.10.1980;N;48010053230;43
Mart;Puusepp;08.05.1991;M;39105083274;32
Kairo;Palm;19.06.1961;M;36106196350;62
Meelis;Ruus;10.11.1976;M;37611109813;47
Siiri;Sepp;21.01.1981;N;48101217859;42
Jüri;Renoir;02.10.1977;M;37710022891;46
Lev;Hunt;03.03.1964;M;36403035417;59
Keiro;Lepik;30.10.1962;M;36210304145;61
Karl;Kont;21.01.1978;M;37801219644;45
Renno;Palu;19.08.1960;M;36008192980;63
Kaari;Kangur;23.06.1997;N;49706231593;26
Siret;Kaljuvee;15.08.1996;N;49608159900;27
Georg;Kangro;23.05.1975;M;37505234645;48
Kris;Luiga;12.12.1974;M;37412128429;48
Ailen;Kudrjavtsev;11.02.1974;N;47402115234;49
Ruslan;Mäe;19.08.1992;M;39208196075;31
Kenno;Sidorov;19.10.1981;M;38110197793;42
Ramon;Tomson;18.02.1974;M;37402183874;49
German;Kalm;16.04.1978;M;37804162889;45
Roberta;Randoja;25.03.1998;N;49803254734;25
Anastasija;Jakovlev;22.03.1995;N;49503222069;28
Pavel;Kaasik;10.10.1996;M;39610101785;27
Kristen;Kostin;12.10.1997;M;39710126982;26
Tauri;Fedotov;11.03.1983;M;38303110759;40
Christer;Mihhailov;29.04.1973;M;37304299508;50
Aliis;Lunin;12.09.1974;N;47409124932;49
Viola;Sepp;16.02.1970;N;47002163564;53
Elizaveta;Ernits;07.12.1988;N;48812070063;35
Mark;Melnik;14.01.1999;M;39901140444;24
Marleen;Merisaar;08.07.1994;N;49407084434;29
Brandon;Ploom;21.09.1988;M;38809217163;35
Karl;Pruul;15.10.1986;M;38610157348;37
Evelina;Trofimov;27.09.1984;N;48409273663;39
Sander;Allik;24.07.1989;M;38907242166;34
Sireli;Aus;09.02.1980;N;48002099063;43
Vjatšeslav;Kase;28.09.1972;M;37209285977;51
Aveli;Pärn;05.02.1986;N;48602059047;37
Lars;Mandel;06.08.1999;M;39908069261;24
Liisu;Raamat;23.05.1976;N;47605235845;47
Annaliis;Simm;19.05.1976;N;47605191841;47
Ergo;Nurk;05.04.1976;M;37604058366;47
Leelo;Lumi;22.08.1963;N;46308220999;60
Marlen;Ševtšenko;15.04.1979;N;47904158508;44
Anna-Maria;Kisseljov;16.06.1972;N;47206162415;51
Urmo;Püvi;19.05.1982;M;38205194911;41
Kaja;Kukk;07.04.1976;N;47604075188;47
Raina;Laane;24.10.1973;N;47310248314;50
Sergey;Siim;14.05.1999;M;39905142152;24
Aire;Kask;17.03.1982;N;48203179045;41
Maarja;Raja;19.06.1966;N;46606198367;57
Eret;Filatov;21.04.1969;N;46904210139;54
Karolin;Kondratjev;10.06.1995;N;49506109063;28
Artemi;Valk;24.05.1979;M;37905244514;44
Liisa;Aus;19.05.1963;N;46305195673;60
Krete;Lätt;10.10.1986;N;48610105220;37
Andrei;Kohv;07.07.1963;M;36307072937;60
Karolin;Fedorov;30.07.1961;N;46107306118;62
Ilmar;Lindgren;27.03.1962;M;36203276991;61
Raneli;Viik;02.09.1975;N;47509024821;48
Ilya;Lill;20.09.1990;M;39009202458;33
Kertu;Pärnpuu;27.10.1992;N;49210274415;31
Carmen;Piirsalu;07.08.1966;N;46608073038;57
Karl Mihkel;Loginov;17.05.1968;M;36805171111;55
Reivo;Vaher;05.06.1962;M;36206056390;61
Veroonika;Nikitin;02.05.1972;N;47205028664;51
Matis;Käsper;10.03.1973;M;37303103803;50
Vlad;Klaas;08.03.1975;M;37503082420;48
Alla;Jõe;13.02.1979;N;47902137218;44
Andrei;Arula;15.11.1993;M;39311152440;30
Beatrice;Mitt;24.01.1976;N;47601245669;47
Nelli;Aasa;23.08.1989;N;48908234692;34
Taavet;Viik;09.07.1994;M;39407092202;29
Anastasiya;Pulk;14.07.1979;N;47907142322;44
Robin;Kasemaa;24.06.1987;M;38706241099;36
Sander;Mann;09.01.1961;M;36101094033;62
Agnessa;Saveljev;07.09.1960;N;46009071446;63
Janari;Kiil;22.05.1995;M;39505227212;28
Marten;Tamme;15.06.1963;M;36306155597;60
Jako;Gross;03.05.1965;M;36505037272;58
Karl-Hendrik;Kirs;27.06.1967;M;36706272441;56
Sven;Rosenberg;26.05.1995;M;39505266825;28
Hanna-Liisa;Kalm;24.02.1969;N;46902243770;54
Andres;Visnapuu;23.11.1975;M;37511239717;48
Sirly;Org;18.02.1995;N;49502188914;28
Yury;Pihelgas;14.11.1983;M;38311149554;40
Artur;Klaas;19.08.1993;M;39308199936;30
Sirly;Kõiv;31.08.1980;N;48008314000;43
Rostislav;Tamberg;06.10.1987;M;38710060211;36
Olivia;Pulk;16.01.1997;N;49701166913;26
Hardi;Järvekülg;10.03.1960;M;36003107552;63
Piia;Egorov;08.11.1962;N;46211087117;61
Taavi;Vähi;27.09.1968;M;36809272295;55
Erik;Rosin;05.12.1983;M;38312054796;40
Jörgen;Kalamees;31.10.1963;M;36310314849;60
Kati;Kiil;11.12.1969;N;46912118817;53
Helerin;Teesalu;08.01.1962;N;46201080001;61
Natalja;Pihelgas;22.12.1996;N;49612224092;26
Sten Martin;Kuus;21.11.1963;M;36311213057;60
Triinu-Liis;Laks;19.09.1961;N;46109191933;62
Helena;Raag;05.08.1985;N;48508054516;38
Tuuli;Abderhalden;28.07.1988;N;48807281098;35
Reti;Gerassimov;26.06.1994;N;49406266300;29
Timofei;Trei;16.07.1992;M;39207160853;31
Keiu;Roosileht;07.09.1991;N;49109074522;32
Kersti;Remmel;02.07.1986;N;48607026231;37
Elizaveta;Lill;07.08.1961;N;46108079900;62
Mart;Kalamees;13.04.1990;M;39004134479;33
Katrina;Treier;08.07.1963;N;46307084052;60
Daria;Jeršov;05.09.1996;N;49609051654;27
Indra;Ojala;03.03.1970;N;47003037569;53
Age;Borissov;21.09.1983;N;48309211204;40
Kristiine;Ots;01.12.1975;N;47512018757;48
Heili;Kiil;14.02.1976;N;47602145963;47
Veroonika;Randmaa;01.01.1980;N;48001011619;43
Ronald;Kruglov;31.01.1992;M;39201318914;31
Loore;Kohv;07.07.1992;N;49207075038;31
Julius;Kapp;03.07.1999;M;39907034914;24
Dajana;Teesalu;07.04.1987;N;48704078897;36
Reimo;Kaljula;18.12.1968;M;36812184237;54
Riin;Suits;21.09.1961;N;46109217192;62
Silvia;Žukov;20.11.1970;N;47011202028;53
Vassili;Mitt;04.08.1999;M;39908045442;24
Reili;Michelson;06.12.1981;N;48112067052;42
Nora;Kurg;16.04.1980;N;48004164983;43
Killu;Tihhomirov;02.07.1984;N;48407021029;39
Imre;Sisask;15.12.1982;M;38212157375;40
Grethel;Volkov;10.08.1999;N;49908104968;24
Angeelika;Pruul;04.09.1961;N;46109048367;62
Anna Maria;Kuus;25.07.1994;N;49407253308;29
Ailen;Lätt;21.06.1962;N;46206212359;61
Armin;Jõesaar;21.02.1975;M;37502218764;48
Priit;Kool;12.05.1994;M;39405121878;29
Rein;Medvedev;21.08.1972;M;37208214201;51
Ervin;Kaljuvee;08.12.1991;M;39112084594;32
Eliise;Rumjantsev;12.10.1981;N;48110125144;42
Ivar;Karu;27.11.1993;M;39311276010;30
Filipp;Salumäe;25.10.1980;M;38010256261;43
Arko;Kull;27.10.1998;M;39810270487;25
Meelika;Marksoo;26.04.1971;N;47104261862;52
Andero;Loorits;21.05.1995;M;39505215870;28
Eva;Sepp;13.06.1989;N;48906130086;34
Veronica;Aus;30.07.1963;N;46307308101;60
Boris;Tarassov;05.03.1969;M;36903053453;54
Marcus;Teesalu;26.11.1970;M;37011265020;53
Hanna-Liina;Kirs;21.12.1979;N;47912219231;43
Katerina;Lillemets;25.07.1971;N;47107250266;52
Merli;Soots;07.11.1965;N;46511077408;58
Eve;Jaanson;30.11.1969;N;46911309646;54
Adele;Peterson;13.07.1966;N;46607131666;57
Denis;Kiil;17.12.1984;M;38412172370;38
Mia;Pavlov;04.04.1973;N;47304045755;50
Gabriel;Tuisk;16.12.1988;M;38812169262;34
Meelis;Luht;01.05.1997;M;39705014188;26
Amanda;Vahter;12.04.1977;N;47704121798;46
Enri;Väli;01.09.1976;M;37609017602;47
Sireli;Tiits;23.03.1988;N;48803230776;35
Roger;Jaakson;07.04.1981;M;38104077660;42
Igor;Koitla;10.01.1977;M;37701108548;46
Karl Robert;Karro;15.09.1971;M;37109152137;52
Geir;Kallaste;26.04.1968;M;36804268501;55
Feliks;Püvi;09.01.1996;M;39601098864;27
Mathias;Taal;20.11.1977;M;37711204639;46
Alexander;Mägi;22.07.1992;M;39207220295;31
Tormi;Raja;02.12.1975;M;37512025216;48
Karoli;Nurk;03.06.1994;N;49406032069;29
Nataly;Aasmäe;29.05.1990;N;49005297425;33
Marin;Pihelgas;14.09.1976;N;47609147295;47
Annaliisa;Valk;04.04.1973;N;47304048752;50
Silver;Panov;10.04.1978;M;37804103840;45
Kalle;Nõmme;26.11.1973;M;37311261092;50
Vallo;Kurm;27.06.1966;M;36606270832;57
Jorgen;Taal;20.12.1963;M;36312202727;59
Ruben;Raag;01.11.1986;M;38611012332;37
Mariana;Liiv;15.06.1977;N;47706153361;46
Nils;Davõdov;26.05.1994;M;39405266652;29
Kennet;Kont;27.08.1991;M;39108277297;32
Meribel;Liiv;08.07.1961;N;46107087348;62
Jörgen;Lukk;09.05.1991;M;39105093993;32
Kenneth;Nurm;04.05.1973;M;37305047180;50
Ivika;Kasemaa;30.09.1986;N;48609308969;37
Kirke;Adamson;25.03.1990;N;49003253436;33
Indrek;Raadik;12.04.1973;M;37304123613;50
Dagne;Vares;17.01.1987;N;48701171342;36
Marcos;Lääts;22.05.1983;M;38305225189;40
Ruslan;Borissov;06.05.1982;M;38205063497;41
Remo;Lunin;29.06.1973;M;37306291397;50
Valerija;Kurm;07.12.1968;N;46812079328;55
Kristella;Krõlov;21.07.1975;N;47507211588;48
Joosep;Kirss;23.04.1967;M;36704232418;56
Vanessa;Kuusk;17.05.1991;N;49105175179;32
Maksim;Renoir;07.11.1975;M;37511079854;48
Jevgeni;Tiik;01.02.1985;M;38502010349;38
Margarita;Oks;03.04.1982;N;48204035587;41
Martha;Pihlak;15.03.1990;N;49003159519;33
Rait;Hein;28.12.1962;M;36212282531;60
Leonard;Suits;16.07.1991;M;39107160896;32
Kaja;Komarov;06.04.1997;N;49704064167;26
Eerik;Jaanus;15.10.1974;M;37410151080;49
Kati;Tali;02.05.1964;N;46405024539;59
Rustam;Ojaste;11.11.1987;M;38711117359;36
Kerli;Org;22.08.1998;N;49808220791;25
Ronald;Pärtel;07.01.1978;M;37801078726;45
Laura;Kiik;23.09.1960;N;46009238489;63
Lada;Leht;12.06.1962;N;46206122839;61
Kadri;Medvedev;18.09.1981;N;48109180797;42
Kadri-Ann;Kalda;02.09.1960;N;46009023805;63
Natali;Püvi;30.03.1965;N;46503309708;58
Milena;Mänd;12.08.1978;N;47808127907;45
Renate;Pärnpuu;01.03.1972;N;47203015513;51
Brandon;Raid;07.12.1985;M;38512070401;38
Ian;Konovalov;01.04.1994;M;39404013832;29
Artemi;Matvejev;24.12.1991;M;39112244411;31
Alvar;Aavik;15.11.1987;M;38711155271;36
Kairi;Sokk;29.06.1962;N;46206293917;61
Reivo;Kostin;02.08.1993;M;39308026651;30
Kati;Mandel;09.11.1994;N;49411092008;29
Carl;Randoja;06.01.1974;M;37401064039;49
Grete;Täht;19.01.1968;N;46801191182;55
Nikolay;Aasmäe;07.11.1991;M;39111077554;32
Saveli;Tsvetkov;08.07.1977;M;37707084238;46
Leon;Kukk;07.06.1976;M;37606074663;47
Lauren;Õun;26.08.1964;N;46408262037;59
Hannabel;Roots;30.08.1998;N;49808302096;25
Olivia;Mäe;14.09.1977;N;47709147062;46
Viktorija;Gromov;25.09.1970;N;47009251023;53
Patricia;Jefimov;05.12.1999;N;49912056301;24
Trinity;Toom;28.04.1991;N;49104286185;32
Jevgenia;Kõiv;08.08.1972;N;47208089775;51
Marko;Roots;03.10.1998;M;39810030508;25
Keity;Danilov;04.03.1985;N;48503040329;38
Maiko;Põllu;08.02.1987;M;38702088273;36
Linda;Koval;25.05.1981;N;48105257960;42
Eva Maria;Jalakas;24.01.1979;N;47901241028;44
Ain;Marksoo;30.04.1986;M;38604303114;37
Karl Joonas;Nikiforov;27.10.1983;M;38310270908;40
Valentin;Jalakas;12.09.1965;M;36509124047;58
Martti;Anton;01.11.1999;M;39911015458;24
Timofei;Püvi;27.03.1997;M;39703273977;26
Ralf;Kozlov;22.08.1997;M;39708224230;26
Antti;Orlov;22.02.1991;M;39102226858;32
Emeri;Kont;10.06.1996;N;49606102065;27
Taisi;Saare;31.08.1961;N;46108312988;62
Kevin;Pajula;08.04.1995;M;39504083419;28
Marina;Klein;17.09.1971;N;47109178930;52
Annaliisa;Raja;11.08.1993;N;49308119376;30
Edvin;Ots;03.09.1975;M;37509039846;48
Olari;Luiga;26.04.1978;M;37804268804;45
Karl Marten;Järvekülg;06.09.1968;M;36809065083;55
Ingel;Raud;22.08.1981;N;48108221934;42
Janelle;Bell;11.10.1995;N;49510117323;28
Keiro;Säde;19.09.1973;M;37309193678;50
Lilian;Sorokin;04.11.1969;N;46911042299;54
Ervin;Rosenberg;11.09.1973;M;37309117423;50
Taimar;Prikk;08.04.1976;M;37604081332;47
Helar;Lääne;09.06.1989;M;38906098171;34
Annabel;Säde;02.09.1975;N;47509020875;48
Nele-Liis;Tomson;15.01.1994;N;49401156382;29
Alan;Filatov;05.12.1961;M;36112053004;62
Rebekka;Kirsipuu;17.06.1962;N;46206173367;61
Eleonora;Pärna;15.07.1962;N;46207153722;61
Kaili;Pärnpuu;25.11.1993;N;49311259206;30
Remy;Nõmmik;12.07.1974;M;37407121861;49
Ain;Kiik;24.12.1962;M;36212246414;60
German;Marksoo;14.08.1987;M;38708149102;36
Norman;Raid;12.10.1964;M;36410125192;59
Elisa;Kaur;28.09.1990;N;49009284979;33
Maiko;Sillaste;10.11.1967;M;36711106270;56
Keven;Solovjov;02.12.1991;M;39112024165;32
Marti;Salumets;06.09.1985;M;38509064985;38
Olev;Panov;16.03.1962;M;36203164280;61
Igor;Powell;30.10.1993;M;39310305431;30
Simon;Lauri;17.04.1983;M;38304172291;40
Lisa;Juhkam;10.02.1976;N;47602106290;47
Kenneth;Liivamägi;25.03.1996;M;39603253943;27
Gerttu;Trei;02.07.1982;N;48207022265;41
Arseni;Kirss;15.06.1985;M;38506153847;38
Gretel;Makarov;18.06.1996;N;49606183005;27
Kaur;Konovalov;03.07.1990;M;39007032795;33
Ariana;Kelder;20.11.1982;N;48211207753;41
Joanna;Arula;17.02.1975;N;47502173417;48
Krete;Lang;10.07.1983;N;48307107411;40
Keit;Saar;28.08.1986;M;38608286092;37
Daniella;Karpova;06.12.1989;N;48912069585;34
Egon;Erm;13.03.1995;M;39503135596;28
Maire;Antonov;05.01.1971;N;47101057947;52
Ruben;Suvi;18.05.1969;M;36905181442;54
Arti;Uustalu;14.02.1966;M;36602147161;57
Heidy;Lind;17.05.1986;N;48605175592;37
Ivan;Lehiste;22.04.1978;M;37804225909;45
Gretel;Sibul;04.04.1981;N;48104047854;42
Elisa;Korol;25.01.1984;N;48401256492;39
Krister;Gross;24.04.1981;M;38104241972;42
Fred;Pavlov;22.12.1976;M;37612228949;46
Evgeniya;Lipp;01.02.1962;N;46202016401;61
Mart;Peterson;07.09.1981;M;38109079294;42
Arabella;Novikov;24.08.1965;N;46508247347;58
Inna;Mändla;20.09.1984;N;48409206948;39
Kerttu;Maripuu;30.06.1999;N;49906309597;24
Alice;Kärner;16.03.1995;N;49503163218;28
Erkki;Danilov;06.03.1963;M;36303060108;60
Kelly;Valk;13.12.1979;N;47912139689;43
Andra;Ivask;09.09.1965;N;46509095945;58
Cassandra;Pärna;04.05.1965;N;46505047732;58
Olga;Roots;28.01.1975;N;47501288055;48
Kristiina;Õunapuu;15.05.1988;N;48805151749;35
Aivar;Kolk;01.03.1991;M;39103018067;32
Toivo;Sikorski;12.08.1999;M;39908125094;24
Reio;Kasak;25.03.1981;M;38103252233;42
Karl Kristjan;Ojaste;17.12.1973;M;37312174709;49
Raneli;Vinogradov;18.07.1987;N;48707180714;36
Cevin;Mihhailov;20.03.1976;M;37603204711;47
Vadim;Simm;16.06.1961;M;36106160383;62
Elo;Raidma;29.05.1979;N;47905298092;44
Tatjana;Zahharov;18.04.1973;N;47304189397;50
Lilian;Visnapuu;15.10.1975;N;47510151895;48
Mike;Laht;01.06.1998;M;39806016969;25
Helle;Jarvis;01.07.1965;N;46507018503;58
Birgit;Meister;30.04.1963;N;46304302160;60
Karl Jakob;Matvejev;21.11.1963;M;36311215827;60
Victoria;Lillemets;12.04.1991;N;49104120650;32
Marje;Kuus;28.03.1987;N;48703280333;36
Kaspar;Ivanov;21.02.1968;M;36802215908;55
Meeri;Lindgren;22.11.1972;N;47211224560;51
Katre;Jürgenson;19.06.1979;N;47906190207;44
Simona;Põld;10.05.1983;N;48305108368;40
Käti;Gavrilov;29.06.1980;N;48006293241;43
Ago;Liivamägi;06.02.1984;M;38402068530;39
Karl Erik;Aasmäe;10.02.1980;M;38002106702;43
Aire;Klaas;07.10.1995;N;49510077455;28
Greete;Palm;13.11.1998;N;49811130809;25
Kätlin;Nikiforov;18.09.1986;N;48609184961;37
Marti;Poljakov;13.05.1965;M;36505134219;58
Keimo;Orlov;14.09.1998;M;39809141291;25
Jaroslav;Kissa;01.03.1965;M;36503011230;58
Tobias;Tomingas;01.03.1986;M;38603014424;37
David;Salu;14.02.1986;M;38602145730;37
Mirko;Suits;09.06.1975;M;37506091665;48
Kendra;Vähi;28.03.1962;N;46203280021;61
Natalija;Kudrjavtsev;04.10.1978;N;47810045340;45
Alisa;Novikov;06.10.1976;N;47610064605;47
Milena;Hansen;18.05.1988;N;48805187073;35
Nele-Liis;Gross;15.10.1984;N;48410153411;39
Erkki;Müür;31.03.1984;M;38403316854;39
Rainis;Pärn;23.08.1977;M;37708234309;46
Marko;Kotov;13.05.1983;M;38305138728;40
Lembit;Kaljula;03.10.1997;M;39710031941;26
Reili;Lipp;11.09.1989;N;48909117470;34
Artem;Simson;10.05.1984;M;38405104972;39
Reti;Kuuse;22.05.1980;N;48005220859;43
Deniss;Kurg;16.06.1995;M;39506163429;28
Liisi;Gorbunov;05.08.1970;N;47008052057;53
Germo;Sild;16.10.1984;M;38410165992;39
Maarja;Baskin;19.07.1997;N;49707198179;26
Arnold;Hansen;15.07.1979;M;37907155863;44
Karl Johannes;Treier;10.04.1980;M;38004107374;43
Kristella;Tamberg;05.11.1990;N;49011053518;33
Madli;Koval;22.11.1986;N;48611229506;37
Janar;Järv;17.12.1974;M;37412171187;48
Annela;Nurk;14.12.1970;N;47012145033;52
Ranno;Sepp;15.02.1990;M;39002158620;33
Karl Kristjan;Kalinin;05.09.1995;M;39509058129;28
Rando;Danilov;29.12.1990;M;39012299612;32
Kelli;Kangur;28.12.1980;N;48012289468;42
Liana;Hanson;06.09.1990;N;49009068323;33
Joanna;Saul;04.10.1970;N;47010043243;53
Kristine;Gorbunov;29.05.1968;N;46805294467;55
Natalja;Kodres;03.04.1991;N;49104037318;32
Tairo;Ivask;02.09.1988;M;38809021468;35
Renata;Kikas;12.04.1984;N;48404128487;39
Grethel;Kangro;06.06.1995;N;49506067792;28
Eliisa;Reimann;28.11.1982;N;48211282020;41
Konstantin;Loorits;02.03.1977;M;37703029359;46
Evelina;Siim;16.07.1965;N;46507161007;58
Raimond;Saare;15.10.1967;M;36710159199;56
Hans Erik;Põld;29.03.1985;M;38503298288;38
Anita;Hallik;22.05.1962;N;46205228063;61
Karl-Hendrik;Õun;29.11.1977;M;37711296094;46
Talis;Štšerbakov;16.11.1971;M;37111164532;52
Anna Liisa;Malõšev;31.01.1996;N;49601310569;27
Tõnu;Ader;25.12.1975;M;37512253852;47
Merlyn;Juhanson;19.12.1996;N;49612198045;26
Kärt;Jänes;06.12.1982;N;48212069572;41
Evgeniya;Saar;22.11.1969;N;46911229107;54
Kerti;Koit;30.04.1973;N;47304300458;50
Ronja;Golubev;06.10.1990;N;49010067440;33
Kenno;Hõbe;16.12.1970;M;37012160932;52
Jana;Tõnisson;27.01.1995;N;49501272533;28
Annabel;Müürsepp;14.09.1983;N;48309142206;40
Karol;Lapin;03.03.1996;M;39603037533;27
Kevin;Uustalu;24.06.1994;M;39406249291;29
Keimo;Luht;21.03.1981;M;38103216565;42
Kalev;Voronin;16.01.1975;M;37501163418;48
Sirly;Frolov;02.04.1983;N;48304026439;40
Mailis;Hõbe;07.06.1995;N;49506071180;28
Liina;Leppik;02.01.1969;N;46901021855;54
Harry;Friedman;25.07.1995;M;39507251316;28
Even;Laas;12.08.1978;M;37808122927;45
Andrias;Mercklin;26.06.1987;M;38706260225;36
Evelina;Pihelgas;03.12.1976;N;47612038858;47
Klim;Kallas;22.12.1996;M;39612225791;26
Katrina;Kasemaa;21.04.1984;N;48404215085;39
Mairi;Alas;18.05.1978;N;47805182880;45
Mai-Liis;Kiis;10.03.1991;N;49103105344;32
Marje;Sarap;16.03.1989;N;48903167509;34
Kirke;Kaljuste;09.05.1998;N;49805091883;25
Marco;Rebane;29.05.1996;M;39605293579;27
Arseni;Lang;24.10.1987;M;38710240789;36
Margaret;Moroz;15.07.1993;N;49307155283;30
Marju;Sarap;03.11.1970;N;47011038250;53
Ruslan;Mihhailov;26.08.1996;M;39608260490;27
Rainis;Vahter;27.02.1970;M;37002276178;53
Grete;Mõttus;23.03.1986;N;48603233521;37
Janar;Saul;22.02.1985;M;38502227486;38
Merilyn;Marksoo;01.04.1985;N;48504017867;38
Andry;Sander;02.07.1977;M;37707025019;46
Tairo;Rätsep;12.11.1999;M;39911121272;24
Marianna;Arro;26.06.1981;N;48106261926;42
Geir;Mäeots;23.11.1987;M;38711230065;36
Heidi;Arrak;15.11.1966;N;46611154016;57
Eliise;Randoja;13.11.1976;N;47611138380;47
Anastasija;Muru;06.09.1994;N;49409061038;29
Hugo;Kallaste;22.09.1999;M;39909221987;24
Jarek;Teras;04.07.1992;M;39207047525;31
Eero;Markus;23.08.1973;M;37308238188;50
Liise;Toom;26.12.1981;N;48112262981;41
Karoliine;Abel;24.02.1963;N;46302245333;60
Karmel;Karpova;05.08.1987;N;48708057271;36
Karoline;Konstantinov;30.10.1967;N;46710305467;56
Albert;Mäeots;08.11.1978;M;37811085774;45
Anete;Maripuu;26.05.1971;N;47105264965;52
Heli;Kriisa;25.04.1995;N;49504257556;28
Kelvin;Lehiste;10.11.1983;M;38311103676;40
Sigrid;Parts;01.11.1997;N;49711019555;26
Kaidi;Kelder;13.08.1971;N;47108139704;52
Karita;Vlassov;08.02.1996;N;49602085975;27
Liisi;Maslov;14.06.1984;N;48406143605;39
Lisa;Mann;27.06.1978;N;47806278901;45
Ander;Semenov;27.01.1977;M;37701270103;46
Karina;Käär;26.02.1979;N;47902269503;44
Taivo;Laas;16.04.1998;M;39804161544;25
Sören;Trofimov;22.08.1974;M;37408220929;49
Artem;Leis;22.07.1972;M;37207222816;51
Ekaterina;Tamberg;15.08.1969;N;46908156587;54
Timmo;Aas;01.05.1976;M;37605012086;47
Ahti;Pavlov;08.07.1978;M;37807085205;45
Eleanora;Annus;23.07.1996;N;49607238364;27
Eleonora;Lomp;06.06.1992;N;49206066590;31
Piret;Tuisk;15.11.1976;N;47611159187;47
Marje;Andreev;23.08.1999;N;49908235682;24
Andro;Arro;25.06.1977;M;37706258530;46
Johanna Maria;Tõnisson;25.11.1989;N;48911259615;34
Sulev;Paas;22.09.1969;M;36909225351;54
Villem;Mäeots;19.04.1989;M;38904198523;34
Agris;Andreev;13.12.1998;M;39812135416;24
Eliisabet;Toom;21.02.1996;N;49602216186;27
Katrina;Suits;14.08.1964;N;46408143421;59
Renet;Tihhomirov;01.05.1962;M;36205017717;61
Laura;Kuusik;23.01.1995;N;49501233516;28
Ott;Koval;21.02.1971;M;37102219997;52
Maria;Pärnpuu;02.12.1991;N;49112026963;32
Leanika;Palm;03.12.1991;N;49112033292;32
Toivo;Koort;06.12.1960;M;36012065716;63
Epp;Ivanov;02.09.1987;N;48709021880;36
Eva Maria;Orav;01.09.1961;N;46109016641;62
Tatiana;Kotkas;13.08.1970;N;47008139177;53
Kristine;Petrov;13.04.1967;N;46704135451;56
Maarja-Liisa;Pajula;20.02.1970;N;47002204934;53
Kärt;Kudrjavtsev;01.10.1971;N;47110015258;52
Tomas;Mark;18.05.1962;M;36205182154;61
Karoliina;Merisaar;28.12.1967;N;46712283953;55
Markkus;Volkov;18.06.1989;M;38906185017;34
Mikhail;Leht;22.09.1968;M;36809226542;55
Yulia;Paap;29.11.1988;N;48811296697;35
Urmas;Green;20.03.1970;M;37003200075;53
Lisa;Koort;13.12.1970;N;47012130189;52
Kalle;Mõttus;21.07.1989;M;38907215011;34
Eerik;Aasmäe;25.01.1961;M;36101255829;62
Henrik;Jõesaar;17.07.1993;M;39307173633;30
Natalja;Voronin;26.02.1960;N;46002268337;63
Lisbeth;Vill;23.11.1960;N;46011234198;63
Ülari;Laan;27.09.1962;M;36209271117;61
Helena;Saare;22.07.1997;N;49707226691;26
Getriin;Hunt;12.05.1971;N;47105128096;52
Vladimir;Davõdov;20.07.1961;M;36107202831;62
Ernst;Panov;14.12.1971;M;37112145252;51
Rainis;Pavlov;30.11.1966;M;36611307025;57
Agne;Kurg;05.01.1971;N;47101052994;52
Marilyn;Tammet;13.10.1990;N;49010139878;33
Jesper;Mitt;17.07.1985;M;38507174113;38
Lily;Juhanson;14.09.1971;N;47109146822;52
Maik;Vorobjov;04.07.1978;M;37807044743;45
Jörgen;Mercklin;04.12.1987;M;38712049625;36
Filipp;Rand;01.12.1986;M;38612014625;37
Ingrit;Jõesaar;21.06.1981;N;48106210608;42
Heidy;Tammik;24.04.1969;N;46904245395;54
Kaja;Nikolaev;20.06.1993;N;49306205655;30
Reeli;Afanasjev;20.10.1976;N;47610205457;47
Loore;Kuningas;07.11.1990;N;49011070067;33
Sander;Koval;06.09.1989;M;38909062106;34
Simona;Pikk;14.07.1998;N;49807149672;25
Merje;Lind;24.07.1960;N;46007245153;63
Kätlin;Kont;27.05.1987;N;48705278735;36
Ülari;Sisask;27.05.1976;M;37605278392;47
Airiin;Koger;11.07.1981;N;48107113422;42
Ruslan;Kivi;12.08.1969;M;36908129637;54
Viktoria;Valge;14.09.1997;N;49709140539;26
Jekaterina;Mitt;26.12.1964;N;46412268685;58
Gloria;Kasak;23.03.1961;N;46103237487;62
Elery;Lukk;23.05.1990;N;49005238153;33
Christina;Lember;16.01.1966;N;46601165316;57
Piret;Kuznetsov;13.01.1967;N;46701139557;56
Grete-Liis;Ossipov;26.02.1972;N;47202269214;51
Kalle;Mercklin;11.11.1992;M;39211119414;31
Julija;Kalamees;05.04.1971;N;47104058961;52
Enely;Lebedev;20.03.1991;N;49103201027;32
Ülari;Viik;25.08.1978;M;37808253212;45
Valentin;Kivilo;14.08.1993;M;39308146591;30
Tristan;Kalamees;14.12.1997;M;39712141578;25
Sulev;Filippov;17.08.1991;M;39108171612;32
Enely;Kalda;31.03.1968;N;46803314684;55
Mai-Liis;Veski;11.03.1976;N;47603118245;47
Peep;Must;27.03.1976;M;37603279119;47
Anu;Lass;30.06.1999;N;49906309937;24
Nikolai;Vill;20.07.1983;M;38307203862;40
Anna-Liis;Anderson;05.08.1985;N;48508056560;38
Sanna;Markson;31.12.1980;N;48012317079;42
Aksel;Mäe;12.10.1994;M;39410124693;29
Signe;Zujev;25.12.1969;N;46912253704;53
Lisa;Raid;22.09.1981;N;48109222961;42
Elo;Sibul;09.11.1974;N;47411097082;49
Lisette;Kaljula;06.12.1968;N;46812066220;55
Tarmo;Arrak;06.08.1977;M;37708069286;46
Ron;Matvejev;07.05.1984;M;38405077690;39
Jesper;Jermakov;03.03.1961;M;36103039273;62
Kermo;Dmitriev;09.05.1969;M;36905099714;54
Sigmar;Pärna;16.06.1994;M;39406166757;29
Ramon;Pavlov;25.04.1988;M;38804257523;35
Vladislav;Allas;02.11.1962;M;36211025498;61
Maidu;Allik;13.02.1996;M;39602138593;27
Viktoria;Väli;13.05.1981;N;48105136745;42
Laura;Abel;27.02.1971;N;47102272629;52
Konstantin;Erik;06.09.1964;M;36409060522;59
Brigita;Frolov;01.07.1997;N;49707014847;26
Kristian;Tuul;19.12.1998;M;39812190096;24
Annaliis;Kurvits;03.10.1984;N;48410030530;39
Danil;Melnik;09.01.1994;M;39401092916;29
Hannabel;Juhanson;26.09.1976;N;47609267089;47
Edvin;Pulk;24.04.1987;M;38704242343;36
Emili;Viik;08.12.1991;N;49112086797;32
Reelika;Kuus;30.09.1961;N;46109304716;62
Anete;Randoja;13.01.1983;N;48301137183;40
Ramon;Vares;16.07.1997;M;39707169364;26
Devid;Kuusik;10.05.1968;M;36805103153;55
Jonas;Anderson;15.09.1972;M;37209158437;51
Roomet;Annus;24.11.1998;M;39811246923;25
Ene;Kukk;08.09.1999;N;49909082828;24
Matthias;Raidma;11.01.1965;M;36501115346;58
Ahti;Miller;26.08.1972;M;37208267428;51
Ketly;Post;08.09.1970;N;47009082580;53
Steven;Raja;15.07.1972;M;37207151824;51
Heidy;Kirillov;10.06.1987;N;48706104550;36
Kiur;Mironov;28.04.1987;M;38704282488;36
Rahel;Kozlov;04.07.1968;N;46807042909;55
Janno;Soon;28.01.1970;M;37001282898;53
Maarja;Männiste;28.04.1986;N;48604286400;37
Elar;Kivi;27.02.1967;M;36702270213;56
Siim;Kostin;30.08.1986;M;38608301992;37
Evelin;Muru;27.06.1978;N;47806273081;45
Stiven;Palm;16.03.1962;M;36203166363;61
Merit;Kruus;27.08.1970;N;47008273738;53
Hans Erik;Markson;19.04.1983;M;38304196911;40
Nikolay;Erik;05.10.1983;M;38310056800;40
Margo;Õunapuu;08.03.1998;M;39803081618;25
Carmen;Kirss;21.12.1985;N;48512217672;37
Eliise;Lehtla;01.10.1987;N;48710010040;36
Ele;Laks;20.04.1969;N;46904202048;54
Yulia;Tooming;16.01.1983;N;48301168111;40
Erik;Lotman;31.10.1968;M;36810319931;55
Sabrina;Eller;02.11.1995;N;49511025334;28
Mattis;Suur;24.05.1961;M;36105247960;62
Indra;Randoja;20.04.1999;N;49904206763;24
Anastasija;Bondarenko;23.09.1961;N;46109231750;62
Kätrin;Sergejev;03.09.1971;N;47109035442;52
Gloria;Kasemaa;19.04.1963;N;46304192296;60
Risto;Mädamürk;24.06.1996;M;39606247726;27
Elerin;Oja;14.04.1973;N;47304143355;50
Angelika;Luiga;21.10.1994;N;49410210368;29
Alondra;Kodres;29.10.1995;N;49510295459;28
Hanno;Laine;17.02.1964;M;36402170621;59
Arlet;Klaas;20.09.1963;M;36309208655;60
Mikk;Kozlov;15.07.1997;M;39707159166;26
Mariliis;Timofejev;22.06.1993;N;49306221041;30
Tambet;Luts;16.09.1965;M;36509165060;58
Melissa;Kirs;22.04.1962;N;46204224484;61
Rihard;Põder;28.02.1986;M;38602288168;37
Diana;Kiik;25.08.1984;N;48408257845;39
Kaja;Timofejev;06.10.1974;N;47410062990;49
Inna;Kool;08.08.1990;N;49008080921;33
Melani;Õispuu;08.01.1992;N;49201087639;31
Vanessa;Käsper;30.10.1997;N;49710301423;26
Yulia;Laan;23.03.1974;N;47403234655;49
Janek;Alas;14.12.1979;M;37912143471;43
Anders;Žuravljov;23.12.1993;M;39312237537;29
Isabel;Sisask;08.05.1966;N;46605081999;57
Katariina;Kuningas;19.09.1989;N;48909191117;34
Sten-Erik;Raid;27.08.1960;M;36008272638;63
Romek;Pärnpuu;29.04.1962;M;36204299665;61
Cärolin;Martin;20.02.1974;N;47402209711;49
Holger;Nõmmik;29.05.1997;M;39705293362;26
Marii;Kriisa;18.08.1970;N;47008182266;53
Helen;Mädamürk;17.04.1984;N;48404178023;39
Natali;Danilov;20.02.1999;N;49902202028;24
Ksenia;Lember;02.10.1962;N;46210026812;61
Jorgen;Aus;03.07.1996;M;39607032638;27
Melani;Herodes;19.02.1976;N;47602197803;47
Tarvi;Bõstrov;16.05.1971;M;37105165434;52
Elisabeth;Klaas;31.07.1973;N;47307317941;50
Kairit;Teder;28.01.1986;N;48601285732;37
Lisell;Õunapuu;04.07.1960;N;46007046683;63
Alisa;Ignatjev;10.04.1966;N;46604100383;57
Rando;Lukk;14.02.1969;M;36902144375;54
Lisanne;Pajula;09.05.1980;N;48005098477;43
Cevin;Nuut;17.03.1965;M;36503179025;58
Kirill;Sulg;15.10.1992;M;39210150449;31
Felix;Liivak;21.04.1991;M;39104218213;32
Simon;Gavrilov;17.08.1980;M;38008172131;43
Anett;Niit;16.11.1995;N;49511166660;28
Hans;Maripuu;03.10.1985;M;38510039285;38
Allan;Mark;01.01.1969;M;36901018947;54
Kätriin;Vasiliev;19.09.1979;N;47909198930;44
Anžela;Kruglov;11.02.1990;N;49002110290;33
Ljubov;Luik;07.03.1992;N;49203078241;31
Anna-Liis;Kaljurand;03.01.1970;N;47001038987;53
Andree;Hoffmann;19.06.1973;M;37306191821;50
Siiri;Uibo;25.01.1967;N;46701259414;56
Raimond;Romanov;14.02.1962;M;36202149948;61
Maidu;Reinsalu;01.02.1994;M;39402014482;29
Vlada;Kass;14.07.1965;N;46507145234;58
Angela;Uus;23.04.1993;N;49304235726;30
Heino;Toom;21.08.1993;M;39308216857;30
Olivia;Kapp;16.04.1974;N;47404160364;49
Eve;Treial;30.09.1985;N;48509309002;38
Reena;Tomson;11.08.1969;N;46908119037;54
Annely;Visnapuu;25.12.1975;N;47512252633;47
Jarek;Koort;07.11.1966;M;36611070630;57
Helin;Liivamägi;29.09.1987;N;48709294596;36
Nikolai;Laas;21.05.1964;M;36405212683;59
Dan;Mürk;20.10.1975;M;37510205994;48
Aurelia;Laas;13.04.1995;N;49504133575;28
Arkadi;Piho;16.06.1969;M;36906163959;54
Albert;Aus;13.01.1986;M;38601134777;37
Vjatšeslav;Käär;27.03.1989;M;38903273474;34
Carlos;Vaht;06.04.1994;M;39404067457;29
Karoliine;Kaasik;11.12.1991;N;49112116525;31
Sergey;Raudsepp;26.11.1989;M;38911264623;34
Tiia;Püvi;21.01.1982;N;48201218815;41
Kalmer;Teras;12.08.1972;M;37208125120;51
Olivia;Kruglov;13.03.1992;N;49203139150;31
Kerttu;Õunapuu;13.10.1995;N;49510137207;28
Kaimar;Ignatjev;04.09.1998;M;39809043437;25
Tamara;Kool;25.07.1969;N;46907257403;54
Egon;Jürgenson;26.06.1978;M;37806263133;45
Erko;Rohtla;21.07.1969;M;36907213415;54
Gleb;Kostin;06.12.1988;M;38812069723;35
Ahti;Paju;23.08.1964;M;36408238532;59
Arlet;Konovalov;26.10.1974;M;37410267126;49
Kertu;Belov;03.03.1964;N;46403037965;59
Anni;Toots;29.01.1964;N;46401297889;59
Indra;Männik;11.11.1985;N;48511116332;38
Mirell;Tilk;13.03.1964;N;46403136053;59
Mattias;Vlassov;30.01.1971;M;37101300595;52
Christina;Kostin;28.06.1984;N;48406288385;39
Emily;Madisson;28.10.1966;N;46610281497;57
Margareth;Frolov;13.03.1984;N;48403139066;39
Ronald;Kriisa;21.07.1980;M;38007210443;43
Eleri;Õunapuu;25.04.1999;N;49904253904;24
Aron;Saveljev;25.01.1961;M;36101259218;62
Kelvin;Vares;21.08.1972;M;37208212982;51
Caroline;Kull;02.01.1969;N;46901020504;54
Reili;Viira;23.03.1989;N;48903230589;34
Jonas;Raadik;11.12.1963;M;36312119439;59
Vitali;Kool;07.05.1977;M;37705070704;46
Marta;Trei;05.10.1995;N;49510052418;28
Andri;Saveljev;07.01.1993;M;39301074718;30
Liisa Maria;Oras;19.08.1997;N;49708198832;26
Alexander;Jaanus;23.03.1975;M;37503238192;48
Liia;Maksimov;22.10.1976;N;47610221509;47
Gerdo;Uustalu;11.08.1975;M;37508115217;48
Andris;Anton;11.08.1974;M;37408111506;49
Heigo;Voronin;18.05.1964;M;36405188152;59
Ronald;Juhkam;01.10.1962;M;36210019452;61
Enrico;Vaher;03.03.1979;M;37903036800;44
Aurelia;Heinsoo;09.09.1972;N;47209091301;51
Viktoria;Järve;24.04.1963;N;46304247460;60
Kaili;Kirsipuu;26.06.1988;N;48806263338;35
Karl Oskar;Aasa;02.10.1995;M;39510026590;28
Jevgeni;Liblik;12.11.1994;M;39411121948;29
Marge;Oras;28.05.1992;N;49205287703;31
Reimo;Aasa;01.11.1964;M;36411014005;59
Roger;Koppel;11.08.1961;M;36108116870;62
Gennadi;Jaanson;26.03.1961;M;36103260147;62
Eliza;Sild;25.07.1993;N;49307255130;30
Aet;Lunin;11.12.1992;N;49212119102;30
Robert;Konstantinov;09.04.1983;M;38304094659;40
Nadežda;Abbt;29.12.1987;N;48712298672;35
Amina;Sikk;19.01.1978;N;47801191269;45
Keiti;Rosenberg;19.12.1999;N;49912193022;23
Joosep;Lukk;23.09.1972;M;37209239758;51
Margus;Lääne;26.06.1965;M;36506262622;58
Aveli;Kant;03.02.1984;N;48402035789;39
Emma;Kolk;25.08.1990;N;49008259372;33
Martin;Järv;14.03.1993;M;39303141154;30
Arnold;Lipp;27.09.1974;M;37409279496;49
Merli;Sillaste;29.02.1996;N;49602292347;27
Marija;Romanov;09.12.1972;N;47212096948;50
Eva;Nõmme;03.06.1960;N;46006038612;63
Konstantin;Raidma;31.07.1997;M;39707317454;26
Markkus;Lukk;26.08.1967;M;36708261667;56
Renno;Bogdanov;22.11.1960;M;36011224291;63
Hannes;Hanson;22.03.1997;M;39703228593;26
Elerin;Loorits;08.02.1995;N;49502088062;28
Felix;Kangur;18.03.1997;M;39703185659;26
Meribel;Ignatjev;09.04.1968;N;46804097980;55
Heiko;Sikk;14.04.1974;M;37404147534;49
Valeriya;Jakobson;12.10.1974;N;47410123663;49
Melany;Arrak;26.02.1989;N;48902264428;34
Nadežda;Abbt;21.10.1995;N;49510218391;28
Caspar;Palu;05.08.1982;M;38208053064;41
Albert;Järvekülg;20.06.1966;M;36606200096;57
Katri;Pihlak;27.11.1993;N;49311274080;30
Taago;Martinson;25.06.1962;M;36206255969;61
Gert;Aleksandrov;01.05.1965;M;36505010724;58
Renno;Kroon;13.09.1992;M;39209132773;31
Aliis;Lääts;23.08.1972;N;47208235308;51
Emili;Kiil;18.06.1975;N;47506188305;48
Rûta;Kļaviņš;31.12.1999;N;49912311234;23
Elîza;Kalniņš;31.12.1999;N;49912312345;23
Dārta;Bērziņš;31.12.1999;N;49912313456;23
Šaša;Želežnjov;31.12.1999;M;39912911235;23
